company_id,slug,company_name,domain,one_line_description,founded_year,hq_country,hq_city,region,total_raised_usd,last_round_date,last_round_stage,last_round_size_usd,headcount,headcount_growth_6mo,vla_classification,vla_evidence_type,vla_evidence_url,vla_evidence_quote,models_used,pain_score,pain_signal_url,pain_signal_quote,pain_summary,spend_tier,spend_rationale,vertical,lockin_status,lockin_evidence_url,openness_score,notes,score,tier
c088,chef-robotics,Chef Robotics,chefrobotics.ai,Food assembly robotics for production lines,2019,USA,San Francisco,california,65600000,2025-03,series_a,43100000,134,,vla_possible,,,,custom,0,https://www.chefrobotics.ai/careers,View open positions,Careers page directs to Lever; ChefOS proprietary embodied AI with no open framework signal,b,$65M raised including debt and 100+ headcount but spend tier unclear; food vertical,mobile_manipulator_other,lockin_unknown,,1,ChefOS proprietary; no public VLA signal,32,3
c091,bedrock-robotics,Bedrock Robotics,bedrockrobotics.com,Construction equipment autonomy retrofit,2025,USA,,us_other,350000000,2026-02,series_b,270000000,104,,vla_possible,,,,custom,0,https://bedrockrobotics.com/careers,Loading job openings,Careers page job board didn't render content; no VLA signal seen,a,$350M raised and 100+ headcount with active deployments,mobile_manipulator_other,lockin_unknown,,1,Ex-Waymo founders; construction vertical,42,3
c099,collaborative-robotics,Collaborative Robotics,co.bot,Mobile cobot maker founded by ex-Amazon Robotics VP,2022,USA,,us_other,146000000,,series_b,100000000,122,,vla_possible,,,,custom,0,https://co.bot/careers,growing team of over 122 employees,Stealth-y on technical signals; mobile manipulator vertical with no public VLA signal,a,$146M raised and 122 headcount with active product,mobile_manipulator_warehouse,lockin_unknown,,1,Sequoia/Khosla-backed; little public posture,42,3
c025,cortex-ai,Cortex AI,cortexrobot.ai,Egocentric and robot data marketplace for embodied AI,2025,USA,San Francisco,california,6000000,2025-12,seed,6000000,5,,vla_active,2,https://github.com/cortexairobot/Isaac-GR00T,Isaac-GR00T fork by cortexairobot org,gr00t|lerobot,0,,,No careers page; tiny YC seed team focused on data collection,c,Seed stage YC company with $6M raised and ~5 employees,research_only,lockin_open,https://huggingface.co/cortexairobot,2,YC X25; HF org has 14 datasets active manipulation work,55,2
c001,d-robotics,D-Robotics,d-robotics.cc,Edge AI dev kits with active openpi fork,,China,,international,,,,,,,vla_active,2,https://github.com/D-Robotics/openpi,Add x86 server and training config based official openpi,openpi,0,,,Hardware/SDK provider; no traditional careers page in english,b,Likely subsidiary/spin from Horizon Robotics; funding not publicly tracked separately,research_only,lockin_open,https://github.com/D-Robotics/openpi,2,openpi fork pushed Feb 2026 - active; Horizon Robotics affiliated,65,2
c107,dexterity,Dexterity,dexterity.ai,Warehouse manipulation Physical AI platform,2017,USA,Redwood City,california,291000000,2025-03,series_b,95000000,306,,vla_possible,,,,custom,0,https://www.dexterity.ai/blog,Foresight world model for Physical AI,Proprietary Foresight world model; partnership with NVIDIA for inference 17x speedup,a,$291M raised at $1.65B valuation with 300+ headcount,mobile_manipulator_warehouse,lockin_diy,https://www.dexterity.ai/blog,2,NVIDIA inference partnership 17x speedup suggests custom infra,43,3
c081,fieldai,FieldAI,fieldai.com,Foundation models for embodied robot autonomy,2023,USA,Irvine,california,405000000,2025-08,growth,314000000,,,vla_active,4,https://fieldai.com/careers,blending cutting-edge data-driven techniques with principled mathematical rigor,custom|foundation,1,https://fieldai.com/careers,Model Team; Infrastructure and Software Team,Five team divisions explicitly include Model and Infrastructure teams,a,$405M raised; building Field Foundation Models across humanoids and quadrupeds,humanoid_general,lockin_diy,https://fieldai.com/careers,2,Field Foundation Models proprietary; serves humanoids quadrupeds AVs,70,2
c117,flexion,Flexion,flexion.ai,Synthetic-data humanoid autonomy software,2025,Switzerland,Zurich,international,57350000,2025-11,series_a,50000000,31,,vla_active,4,https://flexion.ai/careers,language-level reasoning vision-language-action motion generation,custom|vla,3,https://flexion.ai/careers,ML Infra Engineer; Research Engineer Generative Humanoid Motion Generation,Multiple AI research engineer reqs plus dedicated ML Infra Engineer role,b,$57M Series A and 31 headcount with explicit VLA stack hiring,humanoid_general,lockin_unknown,https://flexion.ai/careers,2,"Ex-Nvidia founders; explicit VLA language in CEO quote | lockin reclass: single ML-Infra hire is team buildout, not committed DIY",79,1
c005,hebi-robotics,HEBI Robotics,hebirobotics.com,Modular robotics components and SDKs,2014,USA,Pittsburgh,us_other,580000,,seed,,20,,vla_likely,2,https://github.com/HebiRobotics/lerobot,LeRobot fork active April 2025,lerobot,0,,,Small modular hardware vendor; LeRobot fork is most recent April 2025,c,Small ~20-employee hardware/SDK vendor with under $1M tracked funding,research_only,lockin_open,https://github.com/HebiRobotics,1,LeRobot fork pushed 2025-04 - getting stale; hardware-first vendor,40,3
c139,limx-dynamics,LimX Dynamics,limxdynamics.com,Modular humanoid and biped robots with VLA stack,,China,Shenzhen,international,272000000,2026-02,series_b,200000000,,,vla_active,3,https://www.limxdynamics.com/en,FluxVLA Engine Standardized VLA Engineering Foundation,custom|vla,0,,,No careers page in english; visible product stack has FluxVLA,a,$272M raised including $200M Series B; Chinese humanoid scaling,humanoid_general,lockin_diy,https://www.limxdynamics.com/en,2,Active GH org; FluxVLA proprietary engine,65,2
c029,mbodi-ai,mbodi ai,mbodi.ai,Embodied AI agents teach industrial robots,2024,USA,New York,us_other,500000,,seed,500000,,,vla_active,2,https://github.com/mbodiai/embodied-agents,Seamlessly integrate state-of-the-art transformer models into robotics stacks,custom|transformer,0,,,YC X25 very small team; LeRobot fork is 2024 stale,c,YC X25 with $500K seed and tiny team,research_only,lockin_open,https://github.com/mbodiai,2,LeRobot fork stale; embodied-agents repo active Dec 2025,55,2
c114,mind-robotics,Mind Robotics,mindrobotics.com,Industrial AI robots Rivian spinout,2025,USA,Palo Alto,california,615000000,2026-03,series_a,500000000,,,vla_possible,,,,custom,0,https://www.mindrobotics.com/careers,builders who are passionate about robotics,Job listings on Ashby; no public technical signal yet,a,$615M raised across seed and Series A in months since founding,humanoid_industrial,lockin_unknown,,1,Spun out of Rivian Nov 2025; very fresh,42,3
c058,nomagic,Nomagic,nomagic.ai,Warehouse pick-and-place AI robotics,2017,Poland,Warsaw,international,84000000,2026-02,series_b_ext,10000000,,,vla_active,2,https://github.com/nomagiclab/openvla,OpenVLA fork,openvla,1,,Machine Learning Intern; Senior Software Engineer,8 engineering roles including ML Intern but no dedicated infra/MLOps,b,$84M raised; warehouse operator with VLA fork,mobile_manipulator_warehouse,lockin_open,https://github.com/nomagiclab/openvla,2,OpenVLA fork pushed April 2025; expanding to US,70,1
c011,opentrons,Opentrons,opentrons.com,Lab automation liquid handling robots,2013,USA,New York,us_other,261000000,2025-11,series_c,20100000,205,,vla_likely,2,https://github.com/Opentrons/aloha,Aloha fork active July 2025,aloha,0,,,Lab automation pivot signal but no traditional VLA infra hiring in raw repo list,a,$261M raised with 205 headcount and ~$1.8B prior valuation,surgical_medical,lockin_unknown,,1,Aloha fork active 2025; primarily lab/biotech vertical not traditional manipulation,54,2
c144,pickle-robot,Pickle Robot,picklerobot.com,Trailer unloading manipulation robots,,USA,Cambridge,us_other,113000000,2024-11,series_b,50000000,,,vla_possible,,,,custom,0,https://www.picklerobot.com/careers,solving hard technical problems,Careers page links to Lever; planned 50 new engineers by Sept 2025,a,$113M raised; aggressive hiring 50+ new eng with active deployments,mobile_manipulator_warehouse,lockin_unknown,,1,MIT founders; CV+RL emphasis no explicit VLA signal,42,3
c172,sereact,Sereact,sereact.ai,VLA + world model warehouse picking platform,2021,Germany,Stuttgart,international,140000000,2026-04,series_b,110000000,,,vla_active,4,https://theaiinsider.tech/2026/04/27/sereact-raises-110m-in-series-b-funding-to-expand-warehouse-robotics-platform/,Cortex 2.0 combines a vision-language-action model with a world model,custom|vla,0,https://sereact.ai/careers,Speculative Application,Public technical posture mentions VLA but careers page didn't expose specific infra reqs,a,$140M raised with 200+ deployed systems and explicit VLA product,mobile_manipulator_warehouse,lockin_unknown,https://theaiinsider.tech/2026/04/27/sereact-raises-110m-in-series-b-funding-to-expand-warehouse-robotics-platform/,2,Cortex 2.0 explicitly VLA + world model; opening Boston office | lockin reclass: agent had no signal — should be unknown not diy,69,2
c072,ai-foundry,AI Foundry,aifoundry.org,Open ecosystem for AI hardware and inference,,USA,,us_other,,,,,,,vla_likely,2,https://github.com/aifoundry-org/lerobot,SmolVLA inference backend ETARS,smolvla,0,,,Community/open-source initiative not a startup; no funding visible,c,Open-source community initiative not commercial entity,research_only,lockin_open,https://github.com/aifoundry-org,2,LeRobot fork pushed Oct 2025; ETARS targets SmolVLA inference,45,2
c026,almond,Almond,almond.bot,Dual-arm manipulation robot for physical AI,,USA,San Francisco,california,,,,,,,vla_active,2,https://github.com/almond-bot/lerobot,LeRobot fork pushed Oct 2025,lerobot,0,,,Tiny YC-backed hardware startup; no formal careers page,c,YC backed; tiny team building Axol hardware,research_only,lockin_open,https://github.com/almond-bot,2,Axol dual-arm w/ explicit LeRobot bindings; Dogpatch SF,55,2
c035,binabik,Binabik,binabik.ai,"Swiss agentic OS for humanoid robots, pre-seed",,Switzerland,Winterthur,international,40000,2026-02,pre_seed,40000,,,vla_likely,2,https://github.com/binabik-ai,Active Isaac-GR00T fork pushed Jan 2026 plus rosbag MCP tooling,Isaac-GR00T,1,https://binabik.ai/open-positions,Open Positions page exists at /open-positions,Hiring page exists; specific reqs not enumerated in fetch,c,Venture Kick CHF 40K only; very early; small team,humanoid_general,lockin_open,https://github.com/binabik-ai,2,Pre-seed Swiss humanoid OS; Reflex fit if they need GPU inference,50,2
c034,cybernetic-physics,Cybernetic Physics,cyberneticphysics.com,Cloud Isaac Lab simulation platform for robotics policy training,,,,,,,,,,,vla_possible,,https://cyberneticphysics.com,Isaac Lab in the cloud reward discovery and reproducible experiments,Isaac Lab,0,,,No careers signal; product is sim infra not VLA itself,c,Small GH org (8 repos); no public funding; appears early,research_only,lockin_open,https://github.com/cybernetic-physics,1,Sim-infra not policy; Reflex relevance moderate,28,3
c063,dart-labs,DART Labs,,Single Isaac-GR00T fork; barely-active GH org,,,,,,,,,,,vla_likely,2,https://github.com/dart-labs-inc,Single DART-GR00T repo last pushed June 2025,Isaac-GR00T,0,,,No website; only one repo,c,No funding signal; one-repo GH org; very small or stealth,humanoid_general,lockin_unknown,,0,Sparse footprint; single fork; possible side project,29,3
c032,dustland,Dustland,dustland.ai,"Embodied intelligence framework org, broad agentic AI",,,,,,,,,,,vla_likely,2,https://github.com/dustland,63 public repos including embodied AI awesome list and frameworks,custom,0,,,Site 502'd; no careers signal,c,Small org; openviber/agent skills focus broader than robotics,research_only,lockin_open,https://github.com/dustland,2,dustland.ai returned 502; broader agentic AI than pure robotics,45,2
c069,eastworld-labs,Eastworld Labs,,Virtuals Protocol humanoid accelerator with 30+ Unitree G1 fleet,2026,Malaysia,Kuala Lumpur,international,,,,,,,vla_likely,2,https://github.com/Eastworld-Labs,Active Isaac-GR00T-EW fork pushed March 2026 plus Unitree cable code,Isaac-GR00T,0,,,No standard careers; accelerator model,c,Crypto-funded humanoid accelerator (Virtuals Protocol); not a typical VC-backed startup,humanoid_general,lockin_open,https://github.com/Eastworld-Labs,1,Virtuals Protocol crypto-affiliated; KL-based humanoid accelerator,40,3
c064,ebots,Ebots,ebots.com,"Precision-assembly manipulator robotics with foundation-model push, Series A",2016,USA,Fremont,california,15000000,2025-04,series_a,4400000,,,vla_active,2,https://github.com/ebots-inc,Active openpi GR00T-Dreams Cosmos-predict2.5 Isaac-GR00T forks pushed 2026,openpi|Isaac-GR00T|cosmos,1,https://ebots.com/company/,Company page references autonomous robotics for industrial applications,No standard careers URL found; Foxconn FAT milestone Feb 2025,b,$15M raised over 4 rounds; backed by Lam Capital GSR Yamaha; deployed at Foxconn,mobile_manipulator_other,lockin_open,https://github.com/ebots-inc,2,Active 2026 forks of openpi+Cosmos+GR00T strongly indicate VLA stack adoption,70,1
c062,embodyx,EmbodyX,embodyx.io,Stealth Physical-AI startup with active OpenVLA/openpi forks,,USA,,us_other,,,,,,,vla_active,2,https://github.com/embodyx,Active openvla openpi Unitree forks pushed Jan-Feb 2026,openvla|openpi,0,,,Site has minimal content; org appears stealthy,c,No public funding; site is one line; small GH presence,humanoid_general,lockin_open,https://github.com/embodyx,1,Stealth-mode; site is one line; clear VLA focus from forks,50,2
c065,enactic,Enactic,enactic.ai,"Tokyo humanoid care-robot startup, OpenArm hardware platform",2025,Japan,Tokyo,international,,,,,,,vla_possible,3,https://github.com/enactic,OpenArm fully open-source humanoid arm for physical AI research,custom,2,https://enactic.ai/careers/,Research Scientist - AI/Foundation Models; Embedded Software Engineer,Hiring foundation-models researcher and embedded SWE; 7 open roles,c,Founded July 2025; no public funding; pre-product (Ena launches late 2026),humanoid_general,lockin_open,https://github.com/enactic,2,Recent founding; OpenArm hardware open-sourced; care-facility humanoid,45,2
c018,enfuse,Enfuse,enfuse.io,"Edge-VLA models for Physical AI, sub-Jetson deployment",,,,,,,,,,,vla_active,1,https://huggingface.co/enfuse/edgevla-small-fmb,228M parameter edge-optimized Vision-Language-Action model 49% smaller than SmolVLA,custom|smolvla|openvla,0,,,No careers/site signal found,c,No public funding info; small HF presence; appears early,research_only,lockin_jetson_only,https://huggingface.co/enfuse/edgevla-small-fmb,2,Edge VLA focus (Jetson Orin); may not be Reflex's cloud-inference ICP,53,2
c043,extend-robotics,Extend Robotics,extendrobotics.com,"UK VR-teleop platform for robot arms, seed-funded",2019,United Kingdom,Reading,international,884000,2022-11,seed,409000,,,vla_likely,2,https://github.com/Extend-Robotics,69 public repos; active VR retargeting wuji-hand and openvla fork,openvla,0,,,No careers URL surfaced,c,$884K total raised; UK seed; small team,mobile_manipulator_other,lockin_open,https://github.com/Extend-Robotics,2,Teleop-focused; VLA forks present but core product is VR teleop,45,2
c048,frodobots,FrodoBots,frodobots.com,Sidewalk-rover gaming platform crowdsourcing embodied-AI data,,Singapore,,international,,,,,,,vla_likely,2,https://github.com/frodobots-org,Active earth-rovers-sdk and xr_teleoperate forks,lerobot,0,,,No standard careers URL,c,Crypto-adjacent seed; ~12 person team per public reporting,last_mile_delivery,lockin_open,https://github.com/frodobots-org,2,Singapore startup; gamified data collection; small team,45,2
c079,general-intelligence-labs,General Intelligence Labs,,Stealth perception-action stack; lerobot+openpi forks,,USA,,us_other,,,,,,,vla_likely,2,https://github.com/General-Intelligence-Labs,lerobot fork pushed Jan 2026 and openpi fork pushed Jan 2026,lerobot|openpi,0,,,No website found; only GH org,c,Stealth; 14 repos; no public funding info,humanoid_general,lockin_open,https://github.com/General-Intelligence-Labs,1,Stealth org; only GH presence; recent VLA forks,40,3
c046,general-robotics,General Robotics,generalrobotics.company,GRID unified robot intelligence platform; Accenture-backed,,USA,,us_other,,2026-04,strategic,,,,vla_active,2,https://github.com/GenRobo,Active Isaac-GR00T fork plus DreamControl whole-body humanoid diffusion paper,Isaac-GR00T|custom,0,https://generalrobotics.company/careers,We currently have no open positions,No open reqs at time of check; Accenture investment April 2026,b,Accenture Ventures investment April 2026 (undisclosed); MS Pegasus; substantial team for 13-repo GH org,humanoid_general,lockin_open,https://generalrobotics.company,2,Accenture-backed; GRID orchestration over 40+ robots; not selling own VLA but composing skills,65,2
c040,generative-bionics,Generative Bionics,gbionics.ai,"IIT-spinout humanoid-robotics startup, EUR70M seed",2024,Italy,Genoa,international,75000000,2026,seed,75000000,,,vla_active,2,https://github.com/gbionics,61 public repos; active lerobot fork pushed today plus URDF/yarp tooling,lerobot|custom,1,,Hardware/software stack rooted in iCub ergoCub iRonCub IIT programs,No careers page surfaced but funding signals heavy hiring,a,EUR70M (~$75M) seed in 2026 from CDP Venture Capital AMD Ventures Eni Next Tether; expected scale hiring,humanoid_industrial,lockin_open,https://github.com/gbionics,3,Massive seed; AMD Ventures investor signals GPU/AI compute commitment; HQ likely Genoa per IIT origin,85,1
c027,genesis-ai,Genesis AI,genesis-ai.company,"Generalist physical-AI lab with $105M seed, foundation-model focus",2024,USA,,us_other,105000000,2025-07,seed,105000000,,,vla_active,3,https://github.com/Genesis-Embodied-AI,Genesis simulator and foundation models for robotics control; quadrants compiler,custom,1,https://genesis-ai.company/join-us/,Join Us page exists; team includes ex-Meta Llama HF GPU infra leads,Hiring evident from team composition though specific reqs not exposed,a,$105M seed July 2025 from Eclipse Khosla Bezos Schmidt; co-founders Zhou Xian Theophile Gervet,humanoid_general,lockin_unknown,https://genesis-ai.company,3,Likely build their own infra (ex-HF Nicolas Patry ex-YouTube ML infra Pierre-Yves on team); harder Reflex sale | lockin reclass: ex-FAANG team composition is inferential,79,1
c055,hcltech-robotics,HCLTech Robotics,hcltech.com,HCLTech (large IT services) robotics R&D arm,,India,Noida,international,,,,,,,vla_likely,2,https://github.com/hcltech-robotics,Active forks of trossen_arm star-arm-moveit2 pymycobot pushed 2026,lerobot,0,,,Subdivision of large public IT services co; no separate careers,a,HCLTech is publicly traded ~$13B revenue; 220K+ employees; this is internal R&D,research_only,lockin_unknown,,1,R&D arm of public IT services giant; not a typical Reflex ICP (own infra),54,2
c050,industrialnext,Industrialnext,industrialnext.com,"AI-autopilot for factory automation, YC-backed manufacturing",2021,USA,San Francisco,california,,,,,,,vla_likely,2,https://github.com/industrialnext,40 public repos including active flexiv_ros2 lerobot mujoco_menagerie forks,lerobot,0,,,Marketing site lacks careers link,b,YC-backed; founded by ex-Tesla autopilot lead; mid-stage; first AI workstation shipped mid-2025,mobile_manipulator_other,lockin_open,https://github.com/industrialnext,2,YC manufacturing automation; founded by ex-Tesla autopilot architect,55,2
c059,intbot,IntBot,intbot.ai,"Sunnyvale humanoid service-robot (Nylo) startup, NVIDIA Cosmos based",2024,USA,Sunnyvale,california,,,,,,,vla_active,2,https://github.com/intbotinc,Active TensorRT-Edge-LLM (high-perf VLM/LLM inference) and cosmos-reason2 lerobot forks,lerobot|cosmos,0,,,Site is single line; no careers,c,No disclosed funding; SAIC Capital invested; very early; small team,humanoid_general,lockin_diy,https://github.com/intbotinc,1,Building own TensorRT edge-inference fork - signals DIY infra path,40,3
c074,io-ai-tech,IO-AI Tech,io-ai.tech,Embodied AI humanoid platform with active LeRobot fork,,China,,international,,,,,,,vla_active,2,https://github.com/ioai-tech/lerobot,LeRobot fork active 2025-2026 with humanoid controller and OpenLoong descriptions,lerobot,0,,,No careers signal found from GitHub-only check,c,Small org no funding signal,humanoid_general,lockin_open,https://github.com/ioai-tech,2,Active fork pushed Nov 2025; humanoid_controller and io_eai_simulation repos,55,2
c045,kinesthetiq,KinesthetIQ,kinesthetiq.com,Indian foundation-model robotics shop forking openpi/GR00T,,India,,international,,,,,,,vla_active,2,https://github.com/NavIQLabs,Active forks of openpi gr00t lerobot and Isaac-GR00T pushed 2025-2026,openpi|gr00t|lerobot,0,,,No public careers; small org,c,No funding signal small headcount,research_only,lockin_open,https://github.com/NavIQLabs,1,Multiple active VLA-related forks but tiny org,50,2
c028,lucky-robots,Lucky Robots,luckyrobots.com,Synthetic data and simulation for robotics AI,,USA,,us_other,,,,,,,vla_likely,4,https://github.com/luckyrobots/lerobot,LeRobot fork pushed Feb 2026 plus mujoco mjlab and g1 manipulation challenge,lerobot,0,,,No careers page checked; sim/data focus,c,Small org sim startup,research_only,lockin_open,https://github.com/luckyrobots,2,Active sim/data tooling repos including g1-manipulation-challenge in 2026,45,2
c049,menlo-research,Menlo Research,menlo.ai,Open-source humanoid Asimov DIY kit Singapore lab,,Singapore,Singapore,international,,,,,,,vla_likely,4,https://menlo.ai/products/asimov,Asimov open-source humanoid robot 1.2m 35kg DIY kit,custom,1,,Team roster page exists,DIY humanoid R&D lab with hiring posture,c,No disclosed funding small lab,humanoid_general,lockin_open,https://github.com/menloresearch,2,Singapore + HCMC; Isaac-GR00T fork from June 2025 not most recent,50,2
c076,neurogrip,NeuroGrip,,Solo VLA-fork project for robotic manipulation,,,,,,,,,,,vla_likely,2,https://github.com/NeuroGrip,openvla and TinyVLA forks last pushed 2024-2025,openvla|tinyvla,0,,,No domain or careers signal,c,Tiny project no domain,research_only,lockin_open,https://github.com/NeuroGrip,1,No domain found; appears to be solo or tiny research effort,40,3
c004,niryo-robotics,Niryo Robotics,niryo.com,Educational and industrial six-axis cobots France,2017,France,Lille,international,11000000,2023-10,series_a,11000000,40,,vla_likely,4,https://github.com/NiryoRobotics/lerobot,LeRobot fork pushed October 2025 alongside ned_ros and ned3pro,lerobot,0,,,Education/industrial cobots not deep ML stack,b,~$11M raised 40 employees,mobile_manipulator_other,lockin_open,https://github.com/NiryoRobotics,2,Education-focused cobot maker; LeRobot fork is recent,55,2
c012,phospho,phospho,phospho.ai,YC robotics SDK + low-cost hardware kits France,2023,France,Paris,international,1850000,2024-01,seed,1850000,,,vla_active,2,https://github.com/phospho-app/openpi,Active openpi and openvla forks plus phosphobot for SO-100/SO-101,openpi|openvla|smolvla|pi0|act,1,https://www.ycombinator.com/companies/phospho,YC W24 hiring posture,Small startup with active VLA forks and SDK product,c,~$1.85M YC seed small team,research_only,lockin_open,https://github.com/phospho-app,3,Strong open-source posture multiple VLA forks YC W24 robotics SDK,65,2
c003,pollen-robotics,Pollen Robotics,pollen-robotics.com,Open-source Reachy humanoid acquired by Hugging Face April 2025,2016,France,Bordeaux,international,,2025-04,acquired,,,,vla_active,2,https://github.com/pollen-robotics/lerobot,LeRobot End-to-end Learning for Real-World Robotics,lerobot|smolvla,0,,,Now part of Hugging Face open-source posture,b,Acquired by HF undisclosed price; small team,humanoid_general,lockin_open,https://huggingface.co/blog/hugging-face-pollen-robotics-acquisition,3,Acquired by Hugging Face April 2025; Reachy 2 sells at $70K,70,1
c039,positronic-robotics,Positronic Robotics,positronic.ro,Python-native robotics ML stack with active VLA forks,,,,,,,,,,,vla_active,2,https://github.com/Positronic-Robotics/openpi,Active openpi gr00t and positronic-franka forks pushed 2026,openpi|gr00t,0,,,Small dev shop no careers signal,c,No funding signal,research_only,lockin_open,https://github.com/Positronic-Robotics,2,Active 2026 openpi and Isaac-GR00T forks Python-native stack,55,2
c071,qrafty-ai,Qrafty AI,qrafty-ai.com,US LeRobot integrator small team teleop and openarm,,USA,,us_other,,,,,,,vla_active,2,https://github.com/qrafty-ai/lerobot,LeRobot fork pushed April 2026 with openarm and teleop_xr repos,lerobot,0,,,No careers signal small team,c,No funding signal,research_only,lockin_open,https://github.com/qrafty-ai,2,Active 2026 LeRobot teleop and openarm work,55,2
c014,rlwrld,RLWRLD,rlwrld.ai,Korean industrial robotics foundation model startup,,South Korea,Seoul,international,41000000,2026-02,seed_2,26000000,,,vla_active,2,https://github.com/RLWRLD,Active LeRobot Isaac-GR00T-no-lfs Triton-server VisionProTeleop forks 2025,lerobot|gr00t|pi0,2,https://github.com/RLWRLD/launch-list,Triton-server fork suggests inference deployment work,Active foundation-model build with own Triton fork,b,$41M total seed funding industrial focus,humanoid_industrial,lockin_diy,https://github.com/RLWRLD,3,Strong fit: industrial VLA foundation model $41M raised forking Triton,72,2
c002,robotec-ai,Robotec.ai,robotec.ai,Polish ROS2 simulation and digital-twin services firm,2019,Poland,Warsaw,international,358000,2020-01,grant,358000,75,,vla_likely,2,https://github.com/RobotecAI/openvla,OpenVLA fork plus rai-agriculture-demo for Physical AI framework,openvla,1,https://www.robotec.ai/careers,Careers page lists open roles,Services co with VLA exposure but mostly sim work,b,75 employees services revenue,research_only,lockin_open,https://github.com/RobotecAI,2,Services company sim/digital-twin with light VLA experimentation,60,2
c037,satinav-robotics,SatiNav Robotics,satinavrobotics.com,Hungarian outdoor mobile robotics modular stack,,Hungary,,international,,,,,,,vla_active,2,https://github.com/satinavrobotics/openpi,openpi (satipi) fork plus MASt3R-SLAM and BiSeNet forks,openpi,0,,,Small org no careers signal,c,No funding signal,mobile_manipulator_other,lockin_open,https://github.com/satinavrobotics,2,Active openpi fork and SLAM forks 2025-2026,55,2
c070,servo-develop-fashion-star,Servo Develop / Fashion Star,fashionrobo.com,Chinese servo vendor pivoting to LeRobot kits,,China,,international,,,,,,,vla_active,2,https://github.com/servodevelop/lerobot,Multiple LeRobot bimanual viola/cello/violin kit repos pushed 2025,lerobot,0,,,Hardware vendor commerce model,c,Small servo distributor,research_only,lockin_open,https://github.com/servodevelop,2,Servo vendor with LeRobot starter-kit ecosystem,55,2
c047,solo-tech,Solo Tech,getsolo.tech,Privacy-first on-device robot intelligence platform,,USA,,us_other,,,,,,,vla_active,2,https://github.com/GetSoloTech/solo-robotics,SmolVLA ACT PI0 TDMPC support compatible with LeRobot HF,smolvla|act|pi0|tdmpc,0,,,Small startup no careers list visible,c,No funding signal,research_only,lockin_open,https://github.com/GetSoloTech,2,Multi-VLA support but on-device-first reduces cloud-inference fit,55,2
c038,spes-robotics,Spes Robotics,spes.ai,Belgrade R&D shop for cobots and AMRs,2021,Serbia,Belgrade,international,,,,,10,,vla_likely,2,https://github.com/SpesRobotics/lerobot,LeRobot fork plus lerobot-robot-xarm pushed 2026,lerobot,0,,,Tiny services R&D firm,c,2-10 employees no funding,mobile_manipulator_other,lockin_open,https://github.com/SpesRobotics,2,Services firm not foundation-model buyer,45,2
c066,teamgrit,TeamGRIT,teamgrit.kr,Korean teleop and quadruped challenges firm,,South Korea,Seoul,international,,,,,,,vla_likely,2,https://github.com/teamgrit-lab/tg-lerobot,LeRobot fork (tg-lerobot) plus teleop device repos,lerobot,0,,,Niche teleop hardware/services,c,No funding signal,research_only,lockin_open,https://github.com/teamgrit-lab,1,Teleop devices and quadruped challenges ICRA 2025,40,3
c056,tii,TII,tii.ae,"UAE government AI research institute, openvla fork",2020,UAE,Abu Dhabi,international,,,,,,,vla_active,2,https://github.com/tiiuae/openvla-internal,OpenVLA an open-source vision-language-action model for robotic manipulation,openvla,1,https://github.com/tiiuae,Falcon-Perception multimodal early-fusion model active org,Government research lab actively forking OpenVLA and building Falcon multimodal models.,a,Sovereign-backed UAE research institute with massive compute budget and broad ML stack.,research_only,lockin_diy,https://github.com/tiiuae,3,Sovereign research; not a typical commercial buyer,75,2
c013,tommoro-robotics,Tommoro Robotics,tommoro.ai,Korean humanoid foundation-model spinout from SNU,2024,South Korea,Seoul,international,,,,,,,vla_active,2,https://github.com/Tommoro-AI,NVIDIA Isaac GR00T N1.5 fork humanoid foundation model,gr00t|custom,1,https://github.com/Tommoro-AI,Active Habilis-beta and Isaac-GR00T forks,SNU spinout actively building HABILIS RFM on GR00T base.,c,Early-stage SNU spinout; funding undisclosed; small team.,humanoid_general,lockin_diy,https://github.com/Tommoro-AI,2,K-Humanoid Alliance member; CEO Byoung-Tak Zhang,50,2
c044,transistor-robotics,Transistor Robotics,,Japanese humanoid AI fork of openpi for VLA training,,Japan,,international,,,,,,,vla_active,2,https://github.com/transistor-robotics/openpi,TR fork of OpenPi for Pi VLA training,pi0,0,https://github.com/transistor-robotics,Active openpi fork April 2026,Active openpi fork suggests in-house Pi-style VLA training.,c,Tiny org; only 2 public repos; no funding signal.,humanoid_general,lockin_diy,https://github.com/transistor-robotics,1,No website found; minimal public footprint,40,3
c006,trossen-robotics,Trossen Robotics,trossenrobotics.com,US robotic-arm vendor with LeRobot integrations,2004,USA,Downers Grove,us_other,,,,,,,vla_likely,2,https://github.com/TrossenRobotics/lerobot_trossen,LeRobot Trossen Robotics hardware integrations,lerobot,0,https://github.com/TrossenRobotics,Hardware integrations across IsaacSim ManiSkill LeRobot,Hardware vendor that ships LeRobot kits; mostly enabling other peoples' VLAs.,c,Bootstrapped hardware vendor; no disclosed VC funding.,research_only,lockin_open,https://github.com/TrossenRobotics,2,Interbotix brand parent; sells WidowX/ALOHA arms,45,2
c073,tuul-ai,Tuul AI,tuul.ai,German LeRobot-based robotics education startup,,Germany,,international,,,,,,,vla_likely,2,https://github.com/tuul-ai,tuul.ai LeRobot fork zero-to-hero AI robots,lerobot,0,https://github.com/tuul-ai,RobotBuilder course and so101_sim,Educational LeRobot fork; not building production VLA infra.,c,Tiny education-focused org with no funding signal.,research_only,lockin_open,https://github.com/tuul-ai,1,Education-focused; small repos,40,3
c008,ufactory,UFACTORY,ufactory.cc,Chinese xArm collaborative robot manufacturer,2014,China,Shenzhen,international,,,,,,,vla_likely,2,https://github.com/xArm-Developer/lerobot,LeRobot UFACTORY Compatible end-to-end learning,lerobot,0,https://github.com/xArm-Developer,xArm ROS2 SDK and LeRobot integration,Arm vendor enabling VLA training on their hardware.,c,Hardware vendor; bootstrapped; no major VC.,research_only,lockin_open,https://github.com/xArm-Developer,2,xArm5/6/7 series for research and industry,45,2
c042,ugo,ugo,ugo.plus,Japanese service-robot company with LeRobot integration,2018,Japan,Tokyo,international,,,,,,,vla_active,2,https://github.com/ugo-plus,ugo Pro integration for LeRobot imitation learning,lerobot|gr00t,0,https://github.com/ugo-plus,Active Isaac-GR00T fork March 2026,Service robot company building on GR00T+LeRobot stack.,c,Existing service-robot company; funding not confirmed.,mobile_manipulator_other,lockin_diy,https://github.com/ugo-plus,2,Tokyo SaaS-robot operator,45,2
c036,vassar-robotics,Vassar Robotics,vassarrobotics.com,YC X25 $200 home humanoid arm dev kit,2025,USA,,us_other,500000,2025-06,seed,500000,,,vla_active,2,https://github.com/vassar-robotics/Shoebill-Leader-Follower-Robotic-Arms,Robotic arms with improvements over SO-101 design,lerobot|smolvla,1,https://www.workatastartup.com/companies/30511,YC P25 actively hiring,Tiny YC team building on SO-101 and LeRobot.,c,YC seed ~$500K and Andreessen check; <10 headcount.,consumer_home,lockin_open,https://github.com/vassar-robotics,2,Founder Charles Yong; Navrim arm,60,2
c020,vizuara-ai,Vizuara AI,vizuara.ai,Indian AI consultancy/training shop with SO-101 finetunes,,India,,international,,,,,,,vla_active,1,https://huggingface.co/Vizuara/dreamzero-so101-lora,DreamZero LoRA Models robotics-focused fine-tuning,smolvla|custom,0,https://huggingface.co/Vizuara,Three HF models DreamZero crack-segmentation,Education-shop with light SO-101 finetuning.,c,Consultancy/edu; no major fundraise.,research_only,lockin_open,https://huggingface.co/Vizuara,1,Mostly an AI bootcamp brand,50,2
c019,vrfai,VRFAI,,Edge VLA quantization non-profit,,,,,,,,,,,vla_active,3,https://huggingface.co/vrfai,Edge AI optimization GR00T N1.6 INT8 edge models,gr00t|custom,0,https://huggingface.co/vrfai,VLA edge optimization quantization INT8 INT4,Non-profit doing Jetson-grade VLA quantization; not a Reflex buyer.,c,Non-profit; no funding; not a commercial customer.,research_only,lockin_jetson_only,https://huggingface.co/vrfai,1,Edge focus rules out cloud inference need,48,2
c009,wandelbots,Wandelbots,wandelbots.com,German industrial robot OS NOVA platform,2017,Germany,Dresden,international,123000000,2022-01,series_c,84000000,170,,vla_likely,2,https://github.com/wandelbotsgmbh,Wandelbots Everyone can work with robots NOVA SDK,lerobot,1,https://github.com/wandelbotsgmbh,Catalog nova-vda5050 wandelbots-nova active,NOVA OS team building robot-agnostic deployment platform.,b,$123M Series C 2022; ~170 headcount; mature.,humanoid_industrial,lockin_diy,https://wandelbots.com,3,Pre-VLA but adjacent; could need cloud inference for AI features,55,2
c021,webstep,Webstep,webstep.no,Norwegian consultancy with smolvla finetunes,1999,Norway,Oslo,international,,,,,,,vla_active,1,https://huggingface.co/webstep/smolvla_single_orange_duplo_pickup,smolvla single orange DUPLO pickup model,smolvla,0,https://huggingface.co/webstep,Multiple smolvla finetune demos,Software consultancy demoing SmolVLA; not a serious buyer.,c,Established consultancy but tiny robotics presence.,research_only,lockin_open,https://huggingface.co/webstep,1,Nordic IT consultancy; robotics is a side experiment,50,2
c051,wego-robotics,WeGo Robotics,wego-robotics.com,Korean LeRobot integrator for Unitree G1 and Piper,,South Korea,,international,,,,,,,vla_likely,2,https://github.com/WeGo-Robotics/lerobot_robot_piper,Multi-arm teleoperation plugin Agilex Piper LeRobot,lerobot,0,https://github.com/WeGo-Robotics,g1-gui-controller wego_deep_learning,Hardware integrator/distributor with LeRobot tooling.,c,Small Korean integrator; no funding signal.,research_only,lockin_open,https://github.com/WeGo-Robotics,2,Likely distributor/SI shop,45,2
c052,westonrobot,WestonRobot,westonrobot.com,Singapore mobile-robot platform vendor,2017,Singapore,Singapore,international,,,,,,,vla_likely,2,https://github.com/westonrobot,WestonRobot LeRobot fork ugv_sdk,lerobot|custom,0,https://github.com/westonrobot,Ranger UGV SDK Unitree ROS2 navigation devkit,UGV/AGV vendor adding LeRobot; not deep on VLA.,c,Hardware vendor; Singapore SME.,mobile_manipulator_other,lockin_open,https://github.com/westonrobot,1,Mostly UGV chassis and SDK,40,3
c031,yaak-ai,Yaak.ai,yaak.ai,Berlin spatial-intelligence platform for AV/agriculture data,2020,Germany,Berlin,international,9650000,2022-02,seed,7300000,,,vla_likely,2,https://github.com/yaak-ai/rmind,Foundation models for spatial intelligence,custom|lerobot,1,https://yaak.ai,Hiring rmind foundation model team,Building proprietary spatial-intelligence foundation models.,b,$9.65M raised; substantial seed; mid-size team.,mobile_manipulator_other,lockin_diy,https://github.com/yaak-ai,3,Auto/agri/industrial; multimodal datasets focus,55,2
c075,zenbotix,ZenBotix,,LeRobot LeKiwi mobile manipulator hobbyist org,,,,,,,,,,,vla_likely,2,https://github.com/zenbotix/lerobot_dex,Dex an instantiation of the LeKiwi LeRobot fork,lerobot,0,https://github.com/zenbotix,Three repos lidar drivers and LeKiwi,Tiny solo project; not commercial.,c,Hobbyist/research; no funding.,research_only,lockin_open,https://github.com/zenbotix,1,Last commit May 2025; appears semi-stale,40,3
c057,zeroshot,ZeroShot,zeroshotdata.com,US data shop on GR00T/EgoMimic for manipulation,,USA,,us_other,,,,,,,vla_active,2,https://github.com/ZeroShotData/Isaac-GR00T,NVIDIA Isaac GR00T N1.5 generalized humanoid robot reasoning,gr00t|custom,0,https://github.com/ZeroShotData,Isaac-GR00T EgoMimic UMI piper_ros forks,Data services shop building on multiple VLA bases.,c,Small team; no public fundraise data.,research_only,lockin_open,https://github.com/ZeroShotData,2,Most repos last updated mid-2025; cadence slowing,55,2
c156,brightpick,Brightpick,brightpick.com,Slovak warehouse autopicker AMR fleet operator,2021,Slovakia,Bratislava,international,52000000,2024-01,series_b,12000000,250,,vla_possible,5,https://brightpick.ai,Autopicker first commercially available AMR that picks,custom,1,https://brightpick.ai,Hiring; production fleet AMR with 3D vision,Production-deployed warehouse AMR fleet; classical perception likely.,a,$52M raised; 250 staff; production fleet deployment.,mobile_manipulator_warehouse,lockin_unknown,,1,Site brightpick.com is placeholder; brightpick.ai is real,47,2
c111,osaro,Osaro,osaro.com,SF piece-picking software for warehouse automation,2014,USA,San Francisco,california,86800000,2023-12,debt,17640000,,,vla_possible,5,https://osaro.com,Piece-picking robots for warehouse automation using AI vision,custom,0,https://a16z.com/portfolio/,a16z portfolio warehouse manipulation,Long-running picking-vision company; classical pipelines likely.,b,$86.8M raised; mid-size team; mature.,mobile_manipulator_warehouse,lockin_unknown,,1,Careers page returned 404; signs of stagnation,32,3
c155,ambi-robotics,Ambi Robotics,ambirobotics.com,"Parcel sortation manipulation robots, Berkeley spinout",2018,USA,Berkeley,california,66700000,2022-10,series_b,32000000,58,,vla_possible,,,,custom,0,https://www.ambirobotics.com/careers,Join our team — explore a career at Ambi Robotics,No current job board signal; vertical adjacent to manipulation.,b,$66.7M raised; ~58 headcount; deployed in parcel sortation.,mobile_manipulator_warehouse,lockin_unknown,,1,Berkeley AI Research spinout (Goldberg lab); manipulation-focused.,32,3
c133,hello-robot,Hello Robot,hello-robot.com,Stretch 3 open-source mobile manipulator for research/home,2017,USA,Martinez,us_other,5290000,2023-01,grant,2500000,5,,vla_active,2,https://github.com/hello-robot/stretch_ai,Robot policies and integrated AI for the Stretch mobile manipulator,custom|lerobot,1,https://hello-robot.com/careers,Contact info@hello-robot.com — small team passionate builders,Open-source; ships Stretch AI repo; LeRobot/HF aligned.,c,~$5M grants; small team (~5+); open-source mobile manipulator.,research_only,lockin_open,https://github.com/hello-robot/stretch_ai,3,Heavy LeRobot/HF integration; openvla compatible; sells to research labs.,65,2
c140,locus-robotics,Locus Robotics,locusrobotics.com,"Warehouse AMRs alongside human pickers, Series F unicorn",2014,USA,Wilmington,us_other,432820000,2022-11,series_f,117000000,,,vla_likely,4,,,custom,1,,PhD Research Intern – AI & Computer Vision (UK Remote),One AI/CV PhD intern req; mostly classical robotics infra.,a,$432M raised; $2B valuation; warehouse-fleet deployments at scale.,mobile_manipulator_warehouse,lockin_unknown,,1,One CV/AI research role hints at ML investment; unclear VLA usage.,59,2
c118,moon-surgical,Moon Surgical,moonsurgical.com,"Maestro laparoscopy assistant robot, NVIDIA-backed",2020,France,Paris,international,86700000,2023-05,series_b,55400000,,,vla_likely,4,https://www.feedtheai.com/nventures-portfolio-ai-startups-backed-by-nvidia/,NVentures portfolio — Maestro robotic surgical assistant for minimally invasive surgery,custom,0,,Careers page 404,No infra signal accessible.,b,$86.7M raised; NVentures-backed; Series B closed.,surgical_medical,lockin_unknown,,1,NVentures backing suggests NV inference stack; surgical robotics adjacent to VLA potential.,44,3
c148,shadow-robot,Shadow Robot,shadowrobot.com,"Dexterous robotic hands and teleoperation, London",1987,United Kingdom,London,international,,,,,,,vla_likely,4,https://humanoidroboticstechnology.com/news/shadow-robot-unveils-the-worlds-most-robust-dexterous-hand-developed-with-google-deepmind/,Dexterous hand developed with Google DeepMind for robotic manipulation research,custom,0,,Careers page 404,Careers 404; DeepMind partnership signals foundation-model adjacency.,c,Funding undisclosed; small specialized hardware company.,humanoid_general,lockin_open,https://humanoidroboticstechnology.com/news/shadow-robot-unveils-the-worlds-most-robust-dexterous-hand-developed-with-google-deepmind/,2,Sells dexterous hands to VLA labs; DeepMind co-developed latest hand.,45,2
c242,embodied-ai,Embodied AI,embodiedai.ch,"Soft-arm Helix manipulator with in-house VLA models, Lausanne",2024,Switzerland,Lausanne,international,,,,,,,vla_active,3,https://embodiedai.ch/,Training in-house Visual Language Action models to teach robots,custom,1,https://embodiedai.ch/,Actively hiring across technical stacks; contact info@embodiedai.ch,Explicit in-house VLA training claimed on homepage.,c,Stealth-stage EPFL spinout; small team; very early.,humanoid_general,lockin_diy,https://embodiedai.ch/,1,EPFL Create Lab spinout; explicit in-house VLA models on website; soft manipulation niche.,45,2
c187,x-square-robot,X Square Robot,x2robot.com,"WALL-A VLA + world model robot foundation models, Shenzhen",2023,China,Shenzhen,international,,2026-01,series_a_plus_plus,140000000,,,vla_active,4,https://www.therobotreport.com/x-square-robot-secures-140m-in-funding-for-ai-foundation-models/,WALL-A combines vision-language-action models with world models for manipulation,custom|wall_oss,2,https://www.therobotreport.com/x-square-robot-secures-140m-in-funding-for-ai-foundation-models/,Closed-loop hardware data foundation-model integration,VLA-native foundation model lab; released WALL-OSS open-source model Sept 2025.,a,$140M Series A++ Jan 2026; ByteDance + Alibaba + Meituan backers.,humanoid_general,lockin_unknown,https://www.therobotreport.com/x-square-robot-secures-140m-in-funding-for-ai-foundation-models/,2,xsquare.ai redirects to xsquaretechnologies.com (different company - warehouse forklifts). True X Square Robot info from RobotReport. | lockin reclass: open-source model release ≠ DIY serving | corrected domain x2robot.com (not xsquare.ai which is unrelated company),81,1
c228,agibot,AgiBot,agibot.com,Chinese humanoid mass-production leader (Zhiyuan Robotics),2023,China,Shanghai,international,83800000,2025-03,series_b,,,,vla_active,3,https://www.agibot.com/,AGIBOT World Dataset enterprise quality realistic task dataset for embodied AI,custom|agibot_world,1,https://www.scmp.com/tech/big-tech/article/3337477/chinas-agibot-targets-us142-million-revenue-march-humanoid-robots-gathers-pace,Targeting $142M revenue; mass humanoid production with Tencent/HongShan/BYD backing,Building embodied-AI foundation models at scale; massive data + compute.,a,~$84M raised across 8 rounds; >$1.4B valuation; mass production targets.,humanoid_general,lockin_diy,https://www.agibot.com/,2,Open-sourced AgiBot World dataset + Genie Studio platform; VLA-native.,70,2
c249,foundation,Foundation,foundation.bot,"Phantom humanoid + Cortex AI for industrial/defense work, SF",2024,USA,San Francisco,california,21000000,2025,seed,,45,,vla_likely,4,https://foundation.bot/,Cortex — the AI that powers Phantom's perception learning and autonomy,custom,2,https://www.foundation.bot/careers,Principal Compute Architect; Robotics Build Engineer; ~10 open roles,Active hiring including compute architect role; humanoid + Cortex AI stack.,b,~$21M raised; 45-person team; raising $100M at $1B valuation.,humanoid_industrial,lockin_diy,https://foundation.bot/,2,Hybrid AI + novel actuators; targeting defense; Cortex AI in-house build.,57,2
c178,galbot,Galbot,galbot.com,"G1 mobile manipulator with embodied foundation models, Beijing",2023,China,Beijing,international,800000000,2025,series_c,300000000,,,vla_active,4,https://www.therobotreport.com/galbot-brings-in-300m-to-scale-mobile-manipulator-deployments/,Full-stack in-house development across hundreds-of-billion-scale datasets and embodied foundation models,custom,1,https://www.therobotreport.com/galbot-brings-in-300m-to-scale-mobile-manipulator-deployments/,$300M to scale mobile manipulator deployments,VLA-native embodied AI lab; sim-pretraining + real fine-tuning.,a,~$800M total raised; $3B valuation; 30+ city deployments.,mobile_manipulator_other,lockin_unknown,https://www.therobotreport.com/galbot-brings-in-300m-to-scale-mobile-manipulator-deployments/,2,"Galbot homepage minimal English content; relies on press for details. | lockin reclass: Genie Studio is product platform, no direct serving-stack signal",74,1
c186,lumos-robotics,Lumos Robotics,lumosrobotics.ai,"Tactile humanoid VLA platform, Shenzhen, ~$28M angel",2024,China,Shenzhen,international,28000000,,angel,,,,vla_active,4,https://kr-asia.com/touch-enabled-robots-inch-closer-to-reality-as-lumos-robotics-secures-new-funding,developed a vision-language-action (VLA) framework and is preparing to launch its first VTLA,custom,0,https://www.linkedin.com/company/lumos-robotics,No public careers/jobs page surfaced; LinkedIn shows 51-200 employees,No public infra job signal but explicit VLA/VTLA model R&D underway.,b,"~$28M raised, 51-200 headcount per LinkedIn, building own VLA stack",humanoid_general,lockin_diy,https://kr-asia.com/touch-enabled-robots-inch-closer-to-reality-as-lumos-robotics-secures-new-funding,1,Domain lumosrobotics.ai unreachable (ECONNREFUSED); confirmed via kr-asia and humanoids.dev; FastUMI data tooling,50,2
c234,magiclab,MagicLab,magiclab.top,"China humanoid platform building VLA models, Wuxi, post-Series B",2023,China,Wuxi,international,,2026-03,series_b,69000000,300,,vla_likely,7,https://x.com/XRoboHub/status/1924100325969170824,"funding will fuel iterative R&D of core embodied intelligence technology, build VLA models",custom,0,https://magiclab.top,Careers page 404; LinkedIn lists 201-500 employees,No public infra reqs but founder-incubated by Dreame and stated VLA roadmap.,a,500M RMB ~$69M Mar 2026 round; 201-500 headcount; full-stack humanoid,humanoid_general,lockin_diy,https://autonews.gasgoo.com/articles/icv/seeds-magiclab-officially-announces-500-million-yuan-new-funding-2031616054575349761,1,Total raised not disclosed - multiple rounds (150M angel Dec24 + 500M Mar26); VLA roadmap per RoboHub X post,50,2
c376,agile-robots,Agile Robots,agile-robots.com,Industrial humanoid robotics Munich DLR spinout,2018,Germany,Munich,international,350000000,,,,2500,,vla_likely,5,https://www.therobotreport.com/agile-robots-launches-agile-one-industrial-humanoid/,layered approach to AI using teleoperation simulation and video data,custom,2,https://www.therobotreport.com/agile-robots-launches-agile-one-industrial-humanoid/,Agile ONE humanoid launch with DeepMind partnership,Production humanoid scale-up with DeepMind partnership signals serving needs,a,$350M+ raised SoftBank-led with 2500 headcount and production humanoid plus DeepMind partner,humanoid_industrial,lockin_unknown,,1,DeepMind partnership Mar 2026,66,2
c370,booster-robotics,Booster Robotics,booster.tech,Low-cost humanoid platform for developers Beijing,2023,China,Beijing,international,13900000,2025-06,series_a_plus,13900000,,,vla_possible,,,,custom,0,https://www.booster.tech/,RoboCup champion humanoid for developers and researchers,Humanoid platform sold to research labs; foundation-model usage by customers not company,b,~$14M raised; mass production reached 1000 units; humanoid hardware vendor,humanoid_general,lockin_unknown,,1,Robot vendor not policy developer; original boosterobotics.com redirects to booster.tech,32,3
c377,gen-0-generalist-ai,GEN-0 / Generalist AI,generalistai.com,Embodied foundation model trained on 270k hours manipulation,2024,USA,San Francisco,california,,2025-03,seed,,,,vla_active,4,https://generalistai.com/blog/nov-04-2025-GEN-0,GEN-0 embodied foundation model 1B-10B+ params 270000 hours manipulation data,custom,3,https://generalistai.com/careers,Join us in building the next generation of embodied intelligence,Custom 1-10B foundation model with O(10K) cores multi-cloud contracts; massive infra spend,a,Nvidia-backed seed; founders ex-DeepMind/Boston Dynamics/OpenAI; building 10B+ foundation model with petabytes data,humanoid_general,lockin_diy,https://generalistai.com/blog/nov-04-2025-GEN-0,2,Custom dataloaders multi-cloud contracts; reported $11B valuation talks,85,2
c265,one-robot,One Robot,onerobot.io,World models for VLA evals and training simulation,2026,USA,,us_other,,,,,,,vla_likely,4,https://www.onerobot.io/,We build simulation environments realistic to see and interact with,custom,0,https://www.onerobot.io/,YC W26 stealth no public jobs page,Sim/world model platform for VLA training; serves VLA companies as customer not user,c,YC W26 just-launched; <5 headcount,research_only,lockin_unknown,,1,Sim provider not VLA inference customer; serves Reflex's customers,34,3
c353,rhoda-ai,Rhoda AI,rhoda.ai,FutureVision video-predictive control foundation model robotics,2024,Singapore,Singapore,international,450000000,2026-03,series_a,450000000,,,vla_active,4,https://www.businesswire.com/news/home/20260310715139/en/Rhoda-AI-Exits-Stealth-with-$450-Million-Series-A-to-Bring-Robots-Out-of-the-Lab-and-Into-the-Real-World,FutureVision video-predictive control foundation model trained on internet-scale video,custom,3,https://www.businesswire.com/news/home/20260310715139/en/Rhoda-AI-Exits-Stealth-with-$450-Million-Series-A-to-Bring-Robots-Out-of-the-Lab-and-Into-the-Real-World,Exits stealth $450M Series A Temasek-backed,Massive foundation-model build; $1.7B val implies large infra spend; ex-QuantumScape CEO,a,$450M Series A at $1.7B valuation; building closed-loop video-predictive foundation model,humanoid_general,lockin_diy,https://www.businesswire.com/news/home/20260310715139/en/Rhoda-AI-Exits-Stealth-with-$450-Million-Series-A-to-Bring-Robots-Out-of-the-Lab-and-Into-the-Real-World,1,Stanford Wetzstein involved; FutureVision distinct from VLA but adjacent,80,2
c281,adagy-robotics,Adagy Robotics,,Remote intervention service for autonomous robots labels foundation-model data,,USA,,us_other,,,,,,,vla_likely,4,https://www.ycombinator.com/companies/adagy-robotics,Adagy Robotics provides labeled data to create a robotics foundation model,custom,0,https://www.workatastartup.com/companies/adagy-robotics,Open positions on workatastartup,Provides data labeling for robotics foundation models; serves VLA companies,c,YC W24 small early-stage data infra play,research_only,lockin_unknown,,1,Founders ex-Boston Dynamics/Tesla; serves customers,34,3
c385,addverb-technologies,Addverb Technologies,addverb.com,Warehouse automation and humanoid Reliance-backed Noida,2016,India,Noida,international,,,,,,,vla_likely,4,https://inc42.com/features/addverbs-humanoid-bet-how-this-noida-robotics-startup-is-building-physical-ai/,vision-language-action VLA models enable robots to perform complex tasks,custom,2,https://careers.addverb.com/,Careers page open multiple roles,Reliance-backed humanoid bet with explicit VLA mention but no specific frameworks named,a,Reliance 54% stake; 2000+ robots deployed 350+ clients; humanoid build,humanoid_industrial,lockin_unknown,,1,Elixir humanoid; physical AI separate site addverb.ai,66,2
c359,aeirobot,AeiROBOT,,Korean humanoid leveraging Isaac GR00T platform,,South Korea,Seoul,international,9700000,2025-07,series_a,7200000,,,vla_active,4,https://en.wowtale.net/2025/07/13/231588/,early adopter of the Isaac GR00T platform AI system optimized for humanoid control,gr00t,1,https://en.wowtale.net/2025/07/13/231588/,K-Humanoid Alliance core member,GR00T-based humanoid; clear NVIDIA stack lock-in possible but cloud question open,c,~$9.7M total raised; small Korean humanoid; gov-backed alliance,humanoid_general,lockin_unknown,https://en.wowtale.net/2025/07/13/231588/,1,Hanyang spinout; ALICE humanoid,49,2
c354,ai2-robotics,AI2 Robotics,ai2robotics.com,Embodied foundation model robots AlphaBot China,2023,China,Shenzhen,international,145000000,2026-02,series_b,145000000,,,vla_active,3,https://newmarketpitch.com/blogs/news/robotics-funding-news,combines proprietary robot hardware with foundation models,custom,3,https://newmarketpitch.com/blogs/news/robotics-funding-news,Series B financing for embodied AI robot platform expansion,Embodied foundation models with hardware; massive scale-up to 10K units; large infra need,a,$145M Series B at $2.93B valuation; scaling to 10K units; multi-city ops,humanoid_general,lockin_diy,https://newmarketpitch.com/blogs/news/robotics-funding-news,1,Founder Dr. Guo Yandong; multi-city CN ops,80,2
c402,aigen,Aigen,aigen.io,Solar-powered weeding rover with NVIDIA Cosmos post-training,,USA,Kirkland,us_other,23540000,,series_b,,,,vla_active,4,https://www.aigen.io/,post-training NVIDIA Cosmos open world foundation models on specialized data,cosmos,1,https://jobs.lever.co/aigen/,Lever careers page,Cosmos foundation model post-training is direct VLA-curve indicator with Jetson Orin edge,b,$23.5M total raised; agricultural rover with foundation-model post-training,agriculture,lockin_jetson_only,https://www.aigen.io/,1,Cosmos post-training + Isaac Sim + Jetson Orin,63,2
c352,ami,AMI,,World models AI for physical environments Paris,,France,Paris,international,1000000000,2026-Q1,seed,1000000000,,,vla_likely,4,,,custom,3,,Europe's largest-ever seed funding round,Massive seed for world-model build; targets robotics healthcare industrial,a,$1B seed; world-model foundation lab; massive compute spend implied,research_only,lockin_diy,,1,No domain identified; Paris world-model lab,70,2
c280,asimov,Asimov,tryasimov.ai,"Robotics training-data marketplace, YC W26",,USA,,us_other,,2026-03,seed,,,,vla_possible,,https://tryasimov.ai,clean annotated datasets including egocentric video 3D body pose depth maps,custom,0,https://tryasimov.ai,,Data company not policy company; no inference workload,c,"YC W26, recent seed, small team",research_only,lockin_open,https://tryasimov.ai,2,"Data marketplace not VLA shop, but ecosystem-adjacent",33,3
c384,ati-motors,Ati Motors,atimotors.com,Indian industrial AMR maker launching humanoid Sherpa Mecha,2017,India,Bengaluru,international,37000000,2025-07,series_b,20000000,,,vla_possible,,https://atirobotics.ai/company/careers/,Engineer Wire Harness Sales Service positions,custom,1,https://atirobotics.ai/company/careers/,Engineer - Wire Harness; Engineer - Service & Solutions,"8 reqs, mostly service/sales/manufacturing, no ML infra hires",b,"$37M total, mid-stage with humanoid product launch",humanoid_industrial,lockin_unknown,https://atirobotics.ai/company/careers/,1,Domain redirects to atirobotics.ai; humanoid is new,37,3
c418,avride,Avride,avride.ai,Yandex spinout autonomous delivery bots and AVs,,USA,Austin,us_other,,,,,,,vla_possible,,https://avride.ai,in-house hardware customized to enhance our proprietary technology,custom,0,https://avride.ai,,No careers/blog signal on landing page,b,"Yandex-spinout scale, 250K+ deliveries, Rakuten deal",last_mile_delivery,lockin_diy,https://avride.ai,1,Mature stack from Yandex SDG; in-house hardware/software,28,3
c362,bone-ai,Bone AI,bone.ai,"Defense physical AI for UAV/UGV/USV, Seoul + Palo Alto",2025,South Korea,Seoul,international,12000000,2025-11,seed,12000000,,,vla_likely,4,https://techcrunch.com/2025/11/17/bone-ai-raises-funding-to-challenge-asias-defense-giants-with-next-gen-ai-powered-robotics/,"fully unified AI platform that ties together software, hardware, and manufacturing",custom,0,https://www.bonerobotics.ai/,,Domain bone.ai for sale; real site bonerobotics.ai,b,"$12M seed, 7-figure B2G contract first year",defense_dual_use,lockin_unknown,https://www.bonerobotics.ai/,1,Real domain is bonerobotics.ai; bone.ai is parked,44,3
c257,boost-robotics,Boost Robotics,boostrobotics.ai,"Physical agents for datacenter inspection, YC X25",2025,USA,,us_other,,,,,,,vla_likely,4,https://www.boostrobotics.ai,Physical agents for digital infrastructure,custom,1,https://www.boostrobotics.ai,actively hiring,Hiring portal exists; datacenter focus relevant to Reflex,c,YC X25 small team; NVIDIA Inception,mobile_manipulator_other,lockin_open,https://www.boostrobotics.ai,1,Datacenter inspection means Reflex prospects could co-locate,45,2
c331,breaker,Breaker,breakerindustries.com,"Voice-driven multi-robot agent for defense, AVALON",,USA,,us_other,,,,,,,vla_likely,4,https://www.breakerindustries.com,natural voice command interface mission-context processing 100% onboard,custom,1,https://www.breakerindustries.com,Perception Engineer; Robotics Software Engineer,3 reqs including perception and platform engineer,c,Bessemer portfolio defense; size unknown,defense_dual_use,lockin_jetson_only,https://www.breakerindustries.com,1,"AVALON runs 100% onboard - edge-only, not Reflex fit",43,3
c403,burro,Burro,burro.ai,"Autonomous carts for specialty-crop ag, Pennsylvania",,USA,Philadelphia,us_other,,,,,,,vla_likely,4,https://burro.ai/careers,Senior Robotics AI Engineer,custom,2,https://burro.ai/careers,Senior Robotics AI Engineer; Senior Manager Perception Planning Controls,"9 reqs incl perception/AI roles, no explicit infra",b,"Active commercial fleet, multiple AI hires",agriculture,lockin_unknown,https://burro.ai/careers,2,Perception/planning/controls hiring suggests ML stack growth,61,2
c414,coco-robotics,Coco Robotics,cocodelivery.com,Sidewalk delivery bots with Coco 2 autonomy,,USA,Los Angeles,california,80000000,,growth,80000000,,,vla_likely,4,https://www.therobotreport.com/coco-robotics-raises-80m-to-scale-sidewalk-delivery-robots/,largest dataset of sidewalk robot operations operational data continuously strengthening fleet AI,custom,0,,,Both careers and main domain failed,b,$80M raised; Uber Eats and DoorDash deployed,last_mile_delivery,lockin_diy,,1,Domain unreachable; large fleet data + autonomy posture,40,3
c272,congruent,Congruent,congruent.io,"Radar for end-to-end autonomy, YC W26",,USA,,us_other,,2026-03,seed,,,,vla_likely,4,https://congruent.io,only radar for end-to-end autonomy training with real and synthetic radar data,custom|world_model,1,https://congruent.io,PhDs in machine learning sensor systems generative models,"YC W26, world-model + radar generative sim",c,YC W26 small team,research_only,lockin_open,https://congruent.io,1,World-model + radar gen sim; AV sensor company more than VLA,45,2
c450,daedalus,Daedalus,daedalus.ai,"AI-powered autonomous precision-manufacturing factories, ex-OpenAI Robotics",,Germany,Karlsruhe,international,40000000,2024-02,series_a,21000000,,,vla_likely,4,https://techcrunch.com/2024/02/08/daedalus-manufacturing-jonas-schneider-openai-robotics-raises-21-million/,building precision-manufacturing factories powered by AI,custom,0,,,Domain ECONNREFUSED,b,"$40M+ total, OpenAI-Robotics founder",mobile_manipulator_other,lockin_diy,https://techcrunch.com/2024/02/08/daedalus-manufacturing-jonas-schneider-openai-robotics-raises-21-million/,2,Domain unreachable; founder ex-OpenAI Robotics is strong VLA-likely signal,45,2
c444,eka-robotics,Eka Robotics,eka.com,"Self-supervised-learning manipulation startup, Cambridge MA",2025,USA,Cambridge,us_other,13000000,,seed,,,,vla_likely,7,https://pitchbook.com/profiles/company/1326584-71,Eka Robotics develops transport robotics systems combining self-supervised learning with sim-to-real,custom,0,,,Team from MIT/Berkeley/DeepMind/Boston Dynamics suggests modern foundation-model approach.,b,~$13M raised per Pitchbook/search aggregators; small team.,mobile_manipulator_other,lockin_unknown,,1,Domain eka.com redirects to Nouryon; correct domain is ekarobotics.com — flagged.,44,3
c424,enchanted-tools,Enchanted Tools,enchanted.tools,"Mirokai social humanoid for healthcare and hospitality, Paris",2021,FR,Paris,international,18000000,,seed,,,,vla_possible,,https://enchanted.tools,Mirokai humanoid robots blend AI with character-driven robotics for healthcare service,,0,,,Companion/social humanoid; no public VLA signal but humanoid form factor.,b,~€17M seed; first customer deliveries 2025.,humanoid_general,lockin_unknown,,1,No public VLA evidence; humanoid platform makes them vla_possible.,32,3
c398,endoquest,EndoQuest,endoquestrobotics.com,Endoluminal flexible surgical robot integrating Nvidia IGX Thor,,USA,Houston,us_other,204000000,2025-07,series_d,,,,vla_likely,4,,,custom,0,https://endoquestrobotics.com,Careers page exists; no specific infra-engineering openings visible,Surgical robotics with Nvidia AI vision integration; cloud component announced.,a,$204M raised; FDA Phase trial ongoing; production-bound.,surgical_medical,lockin_generic_cloud,,1,Nvidia IGX Thor + secure cloud services suggests generic-cloud lockin path.,58,2
c303,endox,Endox,endoxai.com,"Physical-AI robotics for defense and supply chain reshoring, Boston seed",2025,USA,Boston,us_other,250000,,seed,250000,,,vla_likely,4,https://endoxai.com,Physical AI for robotics; proprietary data capture next-gen robotics integration edge-native architectures,custom,0,https://endoxai.com,Active development with early deployments underway,Edge-native physical AI language; DoD pilot suggests deployment focus.,c,~$250K SBIR; raising seed.,defense_dual_use,lockin_diy,https://endoxai.com,1,Edge-native architecture language suggests DIY infra path.,30,3
c372,engine-ai,Engine AI,engineai.com.cn,Shenzhen humanoid manufacturer shipping 500+ units in 2025,,CN,Shenzhen,international,166000000,2025,series_a,139000000,,,vla_possible,,https://english.news.cn/20260109/bab6612656664145bb5becc3781edd59/c.html,EngineAI is among major Chinese humanoid robot manufacturers planning to expand production capacity,,0,,,Humanoid OEM with China-only data; VLA usage unclear.,a,$166M+ raised across rounds; large-scale shipments.,humanoid_general,lockin_unknown,,1,Chinese-domain site unreachable from this session; classified as possible per humanoid vertical.,42,3
c381,general-intuition,General Intuition,generalintuition.com,"Spatial-reasoning world-model startup for games, robotics and drones",2025,CH,Geneva,international,134000000,2025-10,seed,134000000,,,vla_active,4,https://techcrunch.com/2025/10/16/general-intuition-lands-134m-seed-to-teach-agents-spatial-reasoning-using-video-game-clips/,Train ML models on large-scale video-game data teaching AI spatial-temporal reasoning for embodied agents,world_model,1,,,World-model foundation play for embodied agents; clear inference compute need.,a,$134M seed; Khosla/General Catalyst-led.,research_only,lockin_diy,https://techcrunch.com/2025/10/16/general-intuition-lands-134m-seed-to-teach-agents-spatial-reasoning-using-video-game-clips/,2,Spinout from Medal; foundation-model-scale training implies sizable inference burn.,70,2
c254,general-trajectory,General Trajectory,generaltrajectory.com,YC W25 reasoning + VLM foundation model for dexterous robot manipulation,2024,USA,,us_other,,2025,seed,,,,vla_active,4,https://www.ycombinator.com/launches/MyN-general-trajectory-reasoning-models-for-robotics,Fine-tunes vision-language models to output low-level robotic controls for picking sorting palletization,vlm|custom,2,https://www.ycombinator.com/companies/general-trajectory,Foundation model for dexterous manipulation,VLM-based foundation model for manipulation; clear Reflex fit.,c,YC W25 seed; small team.,mobile_manipulator_warehouse,lockin_diy,https://news.ycombinator.com/item?id=46515259,1,Strong VLA-aligned customer; YC stage so likely DIY infra today.,52,2
c259,habit-robotics,HABIT Robotics,habitrobotics.com,YC X25 conversational service robots for retail and detailing,,USA,Los Angeles,california,,2025,seed,,,,vla_likely,4,https://habitrobotics.com,Real-time scene understanding and human communication using minimal resources self-improving QA,vlm|llm,1,https://habitrobotics.com,HABIT is actively recruiting in Southern California with roles reaching thousands of people,Conversational robot stack implies LLM/VLM use.,c,YC X25 seed; private beta in SoCal.,cleaning_janitorial,lockin_unknown,,1,Conversational + scene understanding; some Reflex fit if cloud inference used.,39,3
c439,hexagon-robotics,Hexagon Robotics,hexagon-robotics.com,"AEON wheeled humanoid for industrial use, Zurich; BMW deployed",,CH,Zurich,international,,,corporate,,,,vla_active,3,https://blogs.nvidia.com/blog/hexagon-robotics-ai-software-aeon-humanoid/,Hexagon is post-training Nvidia Isaac GR00T N1.5 open foundation model for AEON humanoid policies,GR00T,2,,Hiring across robotics division; on-board Jetson Orin upgrading to IGX Thor,GR00T-based foundation model with on-robot Jetson; classic edge stack.,a,Division of public Hexagon AB ($28B mcap); BMW Leipzig deployment.,humanoid_industrial,lockin_jetson_only,https://blogs.nvidia.com/blog/hexagon-robotics-ai-software-aeon-humanoid/,2,Jetson-only edge inference; harder for Reflex cloud sale unless they need data-center training.,85,1
c360,holiday-robotics,Holiday Robotics,,Korean manufacturing humanoid platform using NVIDIA GR00T,,KR,,international,9700000,2025-07,seed,13000000,,,vla_active,4,https://en.wowtale.net/2025/07/13/231588/,Uses Nvidia Isaac GR00T platform for full-body humanoid control with natural language processing,GR00T,1,,,GR00T-based humanoid platform; explicit foundation-model use.,b,~$9.7M seed (KRW 13.5B); ex-Sualab co-founder.,humanoid_industrial,lockin_jetson_only,https://en.wowtale.net/2025/07/13/231588/,1,Wowtale article references AeiROBOT; need to verify whether Holiday Robotics is rebrand of AeiRobot.,63,2
c390,humanoid-uk,Humanoid (UK),thehumanoid.ai,London general-purpose humanoid HMND 01 with VLA-based KinetIQ stack,2024,GB,London,international,50000000,2025,seed,50000000,170,,vla_active,4,https://thehumanoid.ai,KinetIQ AI Framework leveraging VLM and Vision-Language-Action based framework,vla|vlm,2,https://thehumanoid.ai/careers,Active hiring across roles; 360 simulation training and real-world data flywheels,Explicit VLA stack; building data flywheels; clear ICP.,a,$50M founder-led capital; 170+ team; Schaeffler trial.,humanoid_general,lockin_diy,https://thehumanoid.ai,2,Strongest fit in batch — explicit VLA + VLM language and 170-person team.,77,2
c437,humble-robotics,Humble Robotics,humblerobotics.ai,"Cabless autonomous electric freight hauler running VLA models, SF",,USA,San Francisco,california,24000000,2026-04,seed,24000000,,,vla_active,4,https://theaiinsider.tech/2026/04/22/humble-emerges-from-stealth-with-24m-in-seed-funding-for-autonomous-cabless-electric-freight-hauling/,Software stack built on vision-language-action models to interpret surroundings and make decisions,vla,2,https://humblerobotics.ai/careers,Hiring across physical AI hardware software and logistics,VLA software stack explicitly cited in seed announcement; Reflex ICP.,a,$24M seed Apr 2026; ex-Apple/Uber/Waabi/Tesla/Waymo/Cruise team.,last_mile_delivery,lockin_diy,https://theaiinsider.tech/2026/04/22/humble-emerges-from-stealth-with-24m-in-seed-funding-for-autonomous-cabless-electric-freight-hauling/,2,Strong target — explicit VLA stack and well-capitalized AV team.,77,2
c369,kepler-exploration-robot,Kepler Exploration Robot,kepler-robot.com,"Shanghai humanoid in mass production, hybrid actuator architecture",2023,China,Shanghai,international,,2025,strategic,,,,vla_possible,,https://theaiinsider.tech/2025/09/27/kepler-moves-worlds-first-commercially-available-hybrid-architecture-humanoid-robot-into-mass-production/,K2 Bumblebee dual-arm 30kg payload eight-hour battery industrial humanoid,,0,,,Mass-production humanoid but no VLA disclosure,b,Multiple strategic rounds 2025; thousands of unit framework agreements,humanoid_industrial,lockin_unknown,,1,Domain inaccessible from US; relied on news source,32,3
c309,labyrinthai,LabyrinthAI,labyrinthai.co,"Foundation models for robot task learning, MassRobotics resident",,USA,Boston,us_other,,,,,,,vla_likely,4,https://www.massrobotics.org/startups/massrobotics-resident-startups/,AI foundation models enabling robots to learn tasks without programming,,0,,,Page sparse; description aligns with VLA-style stack,c,Accelerator-stage; no funding signal,humanoid_general,lockin_unknown,,1,Tiny landing page; little public posture,34,3
c340,mimic-robotics,Mimic Robotics,mimicrobotics.com,"ETH spinout dexterous-hand foundation models, Zurich seed $16M",2024,Switzerland,Zurich,international,18500000,2025,seed,16000000,25,,vla_active,3,,,mimic-video|xvla,2,https://www.mimicrobotics.com/careers,Hiring posture present; explicit VLA/VAM research org,Active VLA/VAM org publishing models; clear inference need,b,$18.5M total; 25 engineers; ETH research backbone,humanoid_industrial,lockin_diy,,3,Strong VLA candidate; published 116 models incl XVLA; building beyond-VLA approach,72,2
c380,neuracore,Neuracore,neuracore.com,"London cloud-native robot learning platform, €2.5M pre-seed",,United Kingdom,London,international,2700000,2025-11,pre_seed,2700000,,,vla_likely,4,https://www.neuracore.com/,Train imitation and reinforcement learning models on robot foundation models without custom infrastructure,,2,https://neuracore.com/careers,Senior Robot Learning Engineer Cloud Engineer roles open,Foundation-model training infra; potential Reflex partner or competitor,c,€2.5M pre-seed; YC-backed,research_only,lockin_open,https://neuracore.com/careers,2,YC-backed UK; competing/complementary platform; flag for Reflex,57,2
c435,noble-machines,Noble Machines,noblemachines.com,"General-purpose industrial humanoid Moby, Sunnyvale stealth-exit",2024,USA,"Sunnyvale, CA",us_other,,,,,,,vla_likely,4,https://www.noblemachines.ai/,AI-driven whole-body control adapts to changing conditions and learns through demonstration and feedback,,1,https://www.noblemachines.ai/,Active recruitment via Greenhouse; partnerships with NVIDIA Schaeffler,Whole-body learning humanoid; likely VLA-style stack,b,Stealth-exit 2026; partner roster suggests substantial backing,humanoid_industrial,lockin_unknown,,1,FLAG: noblemachines.com is creative agency; correct domain noblemachines.ai,49,2
c371,noetix-robotics,Noetix Robotics,noetixrobotics.com,"Beijing consumer humanoid, $145M Series B led by CATL fund",2023,China,Beijing,international,186000000,2026-03,series_b,140000000,,,vla_possible,,https://www.scmp.com/tech/tech-trends/article/3330046/chinese-robotics-start-noetix-debuts-family-friendly-us1400-humanoid,Bumi N2 E1 humanoid models 2500 unit orders at $1400 price,,0,,,Mass-market humanoid; foundation models possible but not disclosed,a,$186M+ raised; CATL-backed Series B,humanoid_general,lockin_unknown,,1,Domain unreachable from US infra,42,3
c446,nomadic-ai,Nomadic AI,nomadic.ai,"AV/robotics fleet data analysis platform, $8.4M seed",2025,USA,,us_other,8400000,2026-03,seed,8400000,,,vla_active,4,https://techcrunch.com/2026/03/31/nomadic-raises-8-4-million-to-wrangle-the-data-pouring-off-avs/,Platform turns footage into structured searchable dataset through collection of vision language models,vlms,1,https://nomadic.ai/,Customers include Zoox Mitsubishi Electric Natix Zendar,Uses VLMs at scale on AV data; potential Reflex inference customer,c,$8.4M seed at $50M post,mobile_manipulator_other,lockin_open,https://techcrunch.com/2026/03/31/nomadic-raises-8-4-million-to-wrangle-the-data-pouring-off-avs/,1,VLM-heavy AV data platform; relevant inference workload,55,2
c332,nuro,Nuro,nuro.ai,"Autonomous driving licensing platform, $2.3B raised, Series E",2016,USA,"Mountain View, CA",us_other,2300000000,2025-08,series_e,203000000,,,vla_likely,4,https://nuro.ai/careers,AI-first self-driving system Nuro Driver universal autonomy platform for all roads,,3,https://nuro.ai/careers,AI Platform ML Infrastructure Onboard Infrastructure Simulation Data Platform categories,Heavy infra hiring; likely substantial inference spend,a,$2.3B raised $6B valuation Nvidia-backed,mobile_manipulator_other,lockin_diy,https://nuro.ai/careers,3,Top Reflex prospect by spend; though likely DIY infra,80,2
c341,paddington-robotics,Paddington Robotics,,"Embodied-AI data collection in supermarkets, London $2.26M pre-seed",2024,United Kingdom,London,international,2260000,,pre_seed,2260000,16,,vla_likely,4,https://www.linkedin.com/posts/zehanwang_we-have-started-paddington-robotics-with-activity-7392501768754155520-txn2,Solving real-world data problem for embodied AI in human spaces starting with supermarkets,,0,,,Embodied AI focus suggests VLA-type stack,c,$2.26M pre-seed 16 staff,mobile_manipulator_warehouse,lockin_unknown,,1,No public domain found in batch,34,3
c431,palladyne-ai,Palladyne AI,palladyneai.com,"Embodied AI software for multi-drone autonomy, public on Nasdaq",,USA,Salt Lake City,us_other,,,public,,70,,vla_possible,,,,,1,,View All Open Positions; embodied AI roles,Hiring page exists; embodied AI focus suggests infra need.,b,"Public co PDYN, ~70 employees, formerly Sarcos.",drone_aerial,lockin_unknown,,1,"Public co (Nasdaq:PDYN), formerly Sarcos; defense focus.",37,3
c449,periodic-labs,Periodic Labs,periodic.com,"AI scientists plus autonomous wet-lab for materials discovery, $300M seed",2025,USA,San Francisco,california,300000000,2025-09,seed,300000000,,,vla_likely,4,https://jobs.ashbyhq.com/periodic-labs,LLM Inference Engineer; Research Engineer Lab Automation,custom,3,https://jobs.ashbyhq.com/periodic-labs,LLM Inference Engineer; Research Engineer Lab Automation,Explicit LLM Inference Engineer + lab automation reqs; major infra build.,a,$300M seed from a16z/NVentures; ex-OpenAI/DeepMind founders; massive lab build.,research_only,lockin_diy,https://jobs.ashbyhq.com/periodic-labs,2,"Domain redirected periodiclabs.ai -> periodic.com; founders Liam Fedus, Ekin Cubuk.",75,2
c251,proception,Proception,proception.ai,"YC W25 dexterous robotic hand for humanoids, ex-Tesla Optimus founders",2024,USA,Palo Alto,california,500000,2025-01,seed,500000,,,vla_possible,,https://proception.ai,making humanoids dexterous enough to thread a needle,,0,https://proception.ai,We're recruiting legends; no infra reqs,,c,YC W25; ~$500K so far; ex-Tesla Optimus team.,humanoid_general,lockin_open,https://proception.ai,1,Tesla suing ex-Optimus engineers; hand-only product so far.,28,3
c392,rainbow-robotics,Rainbow Robotics,rainbow-robotics.com,"Korean cobot/HUBO humanoid maker, Samsung 35% shareholder",2011,South Korea,Sejong-si,international,,2024-12,strategic,181600000,86,,vla_possible,,https://www.rainbow-robotics.com,Dual-arm mobile manipulator RB-Y1 high-precision platform for AI research,,0,https://www.rainbow-robotics.com,No public ML infra reqs found,Hardware-first; AI roadmap via Samsung partnership.,a,"KOSDAQ-listed, Samsung subsidiary, 86 staff.",humanoid_general,lockin_unknown,,1,Samsung Future Robotics Office partner; dual-arm RB-Y1 for AI labs.,42,3
c428,red-cat-holdings-teal,Red Cat Holdings (Teal),redcatholdings.com,US Army-approved soldier-portable Black Widow drone maker,2016,USA,"San Juan, PR",us_other,,,public,,,,vla_possible,,https://redcat.red/,Black Widow soldier-portable small UAS; secure edge AI,,1,https://redcat.red/careers,Paycom careers portal; opportunities available,Public defense drone co with edge-AI angle but no VLA signal.,a,Nasdaq:RCAT; $35M Army LRIP-2; ESAero production.,defense_dual_use,lockin_jetson_only,https://www.lantronix.com/newsroom/press-releases/lantronix-solution-powers-u-s-army-approved-teal-drones-a-red-cat-holdings-co-unlocking-secure-edge-ai-growth-opportunity/,1,Teal Drones in SLC; Lantronix edge AI partnership.,51,2
c448,rigyd,Rigyd,app.rigyd.com,Physics-accurate 3D asset generator for robotics simulation,,,,,,,,,,,vla_likely,4,https://news.ycombinator.com/item?id=47864502,Physics-accurate 3D assets for robotics simulations from any input,,0,https://app.rigyd.com,Site content sparse,Sim asset infra company; serves VLA training pipelines.,c,Show HN stage; pre-seed.,research_only,lockin_unknown,,0,Sim-asset vendor for VLA training pipelines; tiny.,29,3
c394,sages-intelligence,Sages Intelligence,,"China embodied AI mobile multi-arm robot maker, profitable",,China,,international,,2025,series_a_plus,,,,vla_likely,4,https://eu.36kr.com/en/p/3604613279237380,humanoid operation logic multi-arm collaboration autonomous movement intelligent perception,,0,https://eu.36kr.com/en/p/3604613279237380,Series A++ A+++ rounds hundreds of millions yuan,Profitable; embodied AI; 1K units/yr shipping.,b,Hundreds of millions yuan raised; profitable; ~1K units/year.,mobile_manipulator_other,lockin_unknown,,1,No accessible website; Chinese-language; Li Auto/J&J/Mitsubishi customer.,44,3
c275,seeing-systems,Seeing Systems,seeing-systems.com,YC W26 AI defense FPV drone platform,,United Kingdom,,international,,,,,,,vla_likely,4,,,,0,,No careers titles listed,Agentic AI swarm coord; potentially VLA-adjacent.,c,YC W26 stage; UK defense.,defense_dual_use,lockin_unknown,,1,Estonian/EU military deployments.,34,3
c285,sensei,Sensei,,YC S24 robotics training-data startup,,USA,,us_other,,,,,,,vla_likely,4,https://techcrunch.com/2024/09/25/13-companies-from-yc-demo-day-1-that-are-worth-paying-attention-to/,Training data startup,,0,,,No domain in input; YC S24 data co for robotics.,c,YC S24; data layer.,research_only,lockin_unknown,,0,No domain; data-only co for VLA training.,29,3
c267,servo7,Servo7,servo7.com,"YC W26 wheeled-humanoid warehouse picker, ex-OpenAI/HF/General Intuition team",,Netherlands,,international,,,,,,,vla_likely,4,https://servo7.com,AI models to train wheeled humanoids; learn from human demonstrations,,0,https://servo7.com,No careers titles on homepage,Imitation learning / wheeled humanoids; strong VLA fit.,c,YC W26; PostNL/CEVA pilots; small team.,mobile_manipulator_warehouse,lockin_open,https://servo7.com,1,"Founders ex-OpenAI, Hugging Face, General Intuition.",40,3
c382,sharpa,Sharpa,sharpa.com,Singapore VTLA dexterous hand and humanoid (CES 2026 winner),2024,Singapore,Singapore,international,,,,,100,,vla_active,4,https://www.sharpa.com/blogs/news/sharpa-aims-to-manufacture-time-via-its-craftnet-vtla-model-and-stuns-ces-2026-with-live-autonomous-demos-for-fine-manipulation,CraftNet end-to-end hierarchical VTLA model for fine manipulation,custom|VTLA,2,https://www.sharpa.com/pages/careers,Actively hiring; careers page live,Builds own VTLA (CraftNet); hiring; mass production.,b,"~100 staff, mass production Wave hand Oct 2025.",humanoid_general,lockin_diy,https://www.sharpa.com/blogs/news/sharpa-aims-to-manufacture-time-via-its-craftnet-vtla-model-and-stuns-ces-2026-with-live-autonomous-demos-for-fine-manipulation,2,"Founders Shaoqing Xiang, David Li, Kai Sun; 100+ globally; CraftNet VTLA in-house.",67,2
c348,sitegeist,Sitegeist,sitegeist-robotics.com,"German modular construction robots for concrete renovation, TUM spinout",,Germany,Munich,international,4400000,2026-02,pre_seed,4400000,,,vla_likely,4,https://tech.eu/2026/02/16/sitegeist-secures-eur4m-pre-seed-for-ai-modular-robots-in-construction/,AI-based decision support adaptive control complex geometries varying material,,0,https://sitegeist-robotics.com,Hiring to expand team per funding announcement,Pre-seed; AI adaptive control on unstructured sites.,c,€4M pre-seed (Feb 2026); team expanding.,mobile_manipulator_other,lockin_open,https://sitegeist-robotics.com,1,TUM spinout; b2venture/OpenOcean co-led.,40,3
c368,spirit-ai-qianxun,Spirit AI (Qianxun),qianxun-ai.com,"Chinese humanoid foundry, self-developed Spirit VLA model, Pre-A+",2024,China,,international,464000000,2026-01,pre_a_plus,280000000,,,vla_active,4,https://eu.36kr.com/en/p/3701216103281408,Spirit v1.5 scored 66.09 on RoboChallenge Table30 surpassing Pi0.5 in success rate,spirit_v1|spirit_v1.5,0,,,No public careers page found; running own VLA model.,a,~$464M raised across 6 rounds in 2 years; backed by JD,humanoid_general,lockin_diy,https://eu.36kr.com/en/p/3701216103281408,1,Self-developed VLA; China; cert expired on direct domain,60,2
c345,stateful-robotics,Stateful Robotics,,"Oxford spinout, long-term robot intelligence foundation models, pre-seed",,United Kingdom,Oxford,international,4800000,2026-03,pre_seed,4800000,,,vla_likely,5,https://tech.eu/2026/03/24/stateful-robotics-secures-48m-to-advance-long-term-robot-intelligence/,continuously integrating real-time data task progress and historical performance into unified AI model,custom,0,,,Pre-seed; tiny team; no careers signal yet.,c,$4.8M pre-seed; <15 headcount likely,research_only,lockin_unknown,,1,Foundation-model posture but pre-seed early; no website found,34,3
c321,synthium,Synthium,synthium.xyz,Crowdsourced gameplay data for humanoid policy training,,USA,Boston,us_other,,,,,,,vla_likely,4,https://synthium.xyz/,Gameplay becomes high-quality datasets that train robots in reasoning coordination and adaptation,custom,0,https://synthium.xyz/careers,,Pre-funding; data pipeline play not inference customer.,c,Stealth/early; MassRobotics resident,research_only,lockin_unknown,,1,Data company not policy-runner; tangential to Reflex,34,3
c364,telexistence,Telexistence,tx-inc.com,"Japan retail humanoid with VLA foundation model, Seven-Eleven partnership",,Japan,Tokyo,international,170000000,2023-07,series_b,170000000,,,vla_active,3,https://tx-inc.com/en/blog/2025/09/30/12542/,Astra humanoid robot equipped with Vision-Language-Action VLA foundation model,custom_vla|physical_intelligence,0,,,Partner with Physical Intelligence on drink-restocking; explicit VLA.,a,$170M Series B in 2023; Seven-Eleven deployment,humanoid_industrial,lockin_open,https://tx-inc.com/en/blog/2025/09/30/12542/,2,Strong VLA fit; partnered with Physical Intelligence,75,1
c442,the-bot-company,The Bot Company,thebotcompany.com,"Kyle Vogt home robot startup, multimodal foundation models",2024,USA,San Francisco,california,302000000,2025-03,series,150000000,,,vla_active,4,https://www.therobotreport.com/the-bot-company-led-by-kyle-vogt-brings-in-another-150m/,latest funding round will help build out hardware and artificial intelligence for household robots,multimodal_foundation_models|custom,3,https://simplify.jobs/p/504abd6f-8852-4194-8f8d-20d7fd845e0f/Machine-Learning-Multimodal-Foundation-Models,Machine Learning: Multimodal Foundation Models,Multiple ML reqs incl whole-body control and multimodal foundation models.,a,$302M raised at $2B valuation; ex-Cruise/Tesla team,consumer_home,lockin_diy,https://simplify.jobs/p/504abd6f-8852-4194-8f8d-20d7fd845e0f/Machine-Learning-Multimodal-Foundation-Models,2,Domain blocked direct fetch; strong VLA fit per job postings,85,2
c260,the-robot-learning-company,The Robot Learning Company,robot-learning.co,"Open-source AI-native robotics dev kit, Germany",,Germany,,international,,,,,,,vla_likely,5,https://robot-learning.co/,An Open Source Dev Kit for AI-native Robotics,custom|imitation_learning,0,https://jobs.ashbyhq.com/robot-learning-co,,YC X25 dev kit; small team.,c,YC X25 small dev-kit company,research_only,lockin_open,https://robot-learning.co/,2,Leader-follower imitation; open-source posture,45,2
c395,theator,Theator,theator.io,"Surgical intelligence platform, large vision-language models, San Mateo/Israel",2018,USA,San Mateo,california,70000000,,series_a,39500000,,,vla_active,5,https://theator.io/,applies computer vision and large vision-language models to break down surgeries,vlm|custom,0,,,Domain blocked direct fetch; explicit VLM mention from input source.,b,$70M raised over 5 rounds; commercial w/ Mayo Clinic,surgical_medical,lockin_unknown,,1,Surgical analytics not real-time policy; partial Reflex fit,54,2
c322,thinking-robots,Thinking Robots,thinkingrobots.ai,"Custom robotics software, Boston, natural-language instruction",,USA,Boston,us_other,,,,,,,vla_likely,5,https://www.thinkingrobots.ai/,Robots will be instructed NOT PROGRAMMED through natural language dialogues,custom,0,,,No funding/headcount visible.,c,"MassRobotics resident, early stage",mobile_manipulator_other,lockin_unknown,,1,Natural-language-conditioned but unclear VLA depth,34,3
c323,tp7-ai-robotics,TP7 AI Robotics,tp7.ai,"Dual-arm mobile robots learning by observation, Harvard/MIT founders",,USA,,us_other,,,,,,,vla_likely,4,https://www.tp7.ai/,AI-powered robots that operate 24/7 in high-mix high-variance environments,custom|imitation_learning,0,,,No funding signal; founders Harvard/MIT.,c,Early stage MassRobotics resident,mobile_manipulator_other,lockin_unknown,,1,Imitation learning posture; pre-seed scale,34,3
c351,trener-robotics,Trener Robotics,trenerrobotics.com,"Norway/SF physical-AI skill platform for industrial robots, Series A",2024,USA,San Francisco,california,38000000,2026-02,series_a,32000000,,,vla_active,4,,,acteris|custom,1,,,Visual+haptic+language+action = multimodal action model.,b,$38M total raised; Nikon-backed; team ~industry vets,mobile_manipulator_other,lockin_diy,,2,Strong VLA fit; physical-AI posture; closely matches Reflex ICP,60,2
c283,ultra,Ultra,ultra.tech,"AI-powered ecommerce packaging robot for warehouses, NYC, YC S24",2024,USA,New York,us_other,500000,2024,seed,500000,,,vla_likely,4,https://ultra.tech/,robots powered by AI thats trained with examples; neural nets trained with examples,imitation_learning|custom,1,https://ultra.tech/,Come help us ship thousands more,Hiring across the board; small team.,c,$500K seed YC S24; small team,mobile_manipulator_warehouse,lockin_unknown,,1,Imitation-learning posture; neural-net policies,39,3
c263,verne-robotics,Verne Robotics,vernerobotics.com,"AI-native reconfigurable robots dev platform, YC S25",2025,,,,,,,,,,vla_likely,4,https://vernerobotics.com/,Nemos AI is special: our robots are reconfigurable on-site,custom,0,,,Early YC S25; few hires visible.,c,YC S25 early,mobile_manipulator_other,lockin_unknown,,1,Robot learning posture; pre-seed scale,34,3
c399,virtuoso-surgical,Virtuoso Surgical,virtuososurgical.net,"Endoscopic surgical robotics, ARPA-H AI demonstration learning project",,USA,Nashville,us_other,12000000,2025-01,grant,12000000,,,vla_likely,5,https://virtuososurgical.net/2025/01/13/virtuoso-surgical-robot-helps-enable-innovative-arpa-h-project-on-artificial-intelligence/,Surgeons will literally train robots just like they train residents and fellows today,custom|imitation_learning,0,,,Academic-grant funded; demonstration learning approach.,c,$12M ARPA-H grant; small academic-spinout,surgical_medical,lockin_open,https://virtuososurgical.net/2025/01/13/virtuoso-surgical-robot-helps-enable-innovative-arpa-h-project-on-artificial-intelligence/,1,Imitation learning posture; ARPA-H grant,40,3
c327,xyz-robotics,XYZ Robotics,xyzrobotics.com,"AI mobile manipulation for truck loading and warehouse picking, China/global",2018,China,Shanghai,international,,,,,,,vla_likely,5,https://www.xyzrobotics.com/,Accelerate Logistics Automation with Physical AI,custom,0,,,Multi-region offices; physical-AI marketing.,b,Established multi-country logistics automation,mobile_manipulator_warehouse,lockin_unknown,,1,Physical-AI posture; warehouse manipulation,44,3
c282,yondu,Yondu,yondu.ai,"Embodied AI for warehouse bin-picking, Gardena CA, YC W24",2024,USA,Gardena,us_other,,,,,,,vla_likely,4,https://yondu.ai/,first company to fully automate brownfield bin-picking at price mid-sized warehouses can afford,robotic_foundation_models|custom,1,,,Embodied-AI 3-part platform; small team.,c,YC W24 seed-stage embodied AI,mobile_manipulator_warehouse,lockin_unknown,,1,YC W24; mentioned robotic foundation models for drones in YC post,39,3
c258,zeon-systems,Zeon Systems,zeonsystems.ai,"AI lab automation translating natural language protocols to robot ops, YC X25",2026,,,,,,,,,,vla_likely,4,https://www.zeonsystems.ai/,For AI systems that need an endpoint to act,world_model|custom,1,https://www.zeonsystems.ai/careers,,World-model + closed-loop execution language posture.,c,YC X25 very early,research_only,lockin_unknown,,1,World-model marketing; lab automation,39,3
c436,zeroth-robotics,Zeroth Robotics,zeroth0.com,"5-robot lineup for home/dev/commercial, embodied AI, ex-stealth 2026",2024,China,Suzhou,international,,2026-01,stealth_emerging,,,,vla_likely,5,https://theaiinsider.tech/2026/01/05/zeroth-robotics-emerges-from-stealth-enters-u-s-market-debuts-lineup-of-interactive-ai-robots/,unified technology stack motion control adaptive interaction model proprietary actuator engineering,custom,0,,,Adaptive interaction model wording suggests learned policy; no specifics.,c,Recent stealth exit; unconfirmed funding,consumer_home,lockin_unknown,,1,China-linked; emerging,34,3
