url,status,final_url,checked_at
https://www.chefrobotics.ai/careers,200,https://www.chefrobotics.ai/careers,2026-04-28T18:31:51+00:00
https://www.chefrobotics.ai/post/weve-raised-43-1m-to-accelerate-our-ai-enabled-robot-deployments,200,https://www.chefrobotics.ai/post/weve-raised-43-1m-to-accelerate-our-ai-enabled-robot-deployments,2026-04-28T18:31:51+00:00
https://www.therobotreport.com/rbr50-2025/,200,https://www.therobotreport.com/rbr50-2025/,2026-04-28T18:31:51+00:00
https://bedrockrobotics.com/careers,200,https://bedrockrobotics.com/careers,2026-04-28T18:31:51+00:00
https://www.constructiondive.com/news/bedrock-robotics-raise-ai-automation-funding/811982/,200,https://www.constructiondive.com/news/bedrock-robotics-raise-ai-automation-funding/811982/,2026-04-28T18:31:51+00:00
https://8vc.com/companies,200,https://8vc.com/companies,2026-04-28T18:31:51+00:00
https://co.bot/careers,200,https://www.co.bot/careers,2026-04-28T18:31:51+00:00
https://www.sequoiacap.com/our-companies/,200,https://sequoiacap.com/our-companies/,2026-04-28T18:31:51+00:00
https://github.com/cortexairobot/Isaac-GR00T,200,https://github.com/cortexairobot/Isaac-GR00T,2026-04-28T18:31:51+00:00
https://huggingface.co/cortexairobot,200,https://huggingface.co/cortexairobot,2026-04-28T18:31:51+00:00
https://github.com/cortexairobot,200,https://github.com/cortexairobot,2026-04-28T18:31:51+00:00
https://github.com/D-Robotics/openpi,200,https://github.com/D-Robotics/openpi,2026-04-28T18:31:51+00:00
https://www.therobotreport.com/galbot-brings-in-300m-to-scale-mobile-manipulator-deployments/,200,https://www.therobotreport.com/galbot-brings-in-300m-to-scale-mobile-manipulator-deployments/,2026-04-28T18:31:51+00:00
https://www.dexterity.ai/blog,200,https://dexterity.ai/blog,2026-04-28T18:31:51+00:00
https://a16z.com/portfolio/,200,https://a16z.com/portfolio/,2026-04-28T18:31:51+00:00
https://www.therobotreport.com/rbr50-2024/,200,https://www.therobotreport.com/rbr50-2024/,2026-04-28T18:31:51+00:00
https://fieldai.com/careers,200,https://www.fieldai.com/careers,2026-04-28T18:31:51+00:00
https://www.khoslaventures.com/portfolio/,200,https://www.khoslaventures.com/portfolio,2026-04-28T18:31:51+00:00
https://techcrunch.com/2025/08/20/fieldai-raises-405m-to-build-universal-robot-brains/,200,https://techcrunch.com/2025/08/20/fieldai-raises-405m-to-build-universal-robot-brains/,2026-04-28T18:31:51+00:00
https://flexion.ai/careers,200,https://flexion.ai/careers,2026-04-28T18:31:51+00:00
https://blogs.nvidia.com/blog/nvidia-investments/,200,https://blogs.nvidia.com/blog/nvidia-investments/,2026-04-28T18:31:51+00:00
https://github.com/HebiRobotics/lerobot,200,https://github.com/HebiRobotics/lerobot,2026-04-28T18:31:52+00:00
https://github.com/HebiRobotics,200,https://github.com/HebiRobotics,2026-04-28T18:31:51+00:00
https://www.limxdynamics.com/en,200,https://www.limxdynamics.com/en,2026-04-28T18:31:51+00:00
https://github.com/limxdynamics,200,https://github.com/limxdynamics,2026-04-28T18:31:51+00:00
https://blog.robozaps.com/b/humanoid-robot-companies,200,https://blog.robozaps.com/b/humanoid-robot-companies,2026-04-28T18:31:51+00:00
https://github.com/mbodiai/embodied-agents,200,https://github.com/mbodiai/embodied-agents,2026-04-28T18:31:51+00:00
https://github.com/mbodiai,200,https://github.com/mbodiai,2026-04-28T18:31:51+00:00
https://www.mindrobotics.com/careers,200,https://www.mindrobotics.com/careers,2026-04-28T18:31:51+00:00
https://techcrunch.com/2026/03/11/rivian-mind-robotics-series-a-500m-fund-raise-industrial-ai-powered-robots/,200,https://techcrunch.com/2026/03/11/rivian-mind-robotics-series-a-500m-fund-raise-industrial-ai-powered-robots/,2026-04-28T18:31:51+00:00
https://a16z.com/announcement/investing-in-mind-robotics/,200,https://a16z.com/announcement/investing-in-mind-robotics/,2026-04-28T18:31:51+00:00
https://github.com/nomagiclab/openvla,200,https://github.com/nomagiclab/openvla,2026-04-28T18:31:51+00:00
https://github.com/nomagiclab,200,https://github.com/nomagiclab,2026-04-28T18:31:51+00:00
https://github.com/Opentrons/aloha,200,https://github.com/Opentrons/aloha,2026-04-28T18:31:51+00:00
https://github.com/Opentrons,200,https://github.com/Opentrons,2026-04-28T18:31:51+00:00
https://www.picklerobot.com/careers,200,https://www.picklerobot.com/careers,2026-04-28T18:31:51+00:00
https://www.globenewswire.com/news-release/2025/06/24/3104110/0/en/Pickle-Robot-Hires-New-VP-of-Engineering-Adding-50-New-Engineers-by-September-as-Warehouse-Robotics-Demand-Surges.html,200,https://www.globenewswire.com/news-release/2025/06/24/3104110/0/en/Pickle-Robot-Hires-New-VP-of-Engineering-Adding-50-New-Engineers-by-September-as-Warehouse-Robotics-Demand-Surges.html,2026-04-28T18:31:51+00:00
https://theaiinsider.tech/2026/04/27/sereact-raises-110m-in-series-b-funding-to-expand-warehouse-robotics-platform/,200,https://theaiinsider.tech/2026/04/27/sereact-raises-110m-in-series-b-funding-to-expand-warehouse-robotics-platform/,2026-04-28T18:31:51+00:00
https://sereact.ai/careers,200,https://sereact.ai/careers,2026-04-28T18:31:51+00:00
https://github.com/aifoundry-org/lerobot,200,https://github.com/aifoundry-org/lerobot,2026-04-28T18:31:52+00:00
https://github.com/aifoundry-org,200,https://github.com/aifoundry-org,2026-04-28T18:31:51+00:00
https://github.com/almond-bot/lerobot,200,https://github.com/almond-bot/lerobot,2026-04-28T18:31:52+00:00
https://github.com/almond-bot,200,https://github.com/almond-bot,2026-04-28T18:31:51+00:00
https://almond.bot,200,https://www.almond.bot/,2026-04-28T18:31:51+00:00
https://github.com/binabik-ai,200,https://github.com/binabik-ai,2026-04-28T18:31:51+00:00
https://binabik.ai/open-positions,200,https://binabik.ai/open-positions,2026-04-28T18:31:51+00:00
https://binabik.ai,200,https://binabik.ai,2026-04-28T18:31:51+00:00
https://www.venturekick.ch/Binabik-AI-receives-CHF-40000-from-Venture-Kick-to-accelerate-humanoid-deployment-across-industries,200,https://www.venturekick.ch/Binabik-AI-receives-CHF-40000-from-Venture-Kick-to-accelerate-humanoid-deployment-across-industries,2026-04-28T18:31:52+00:00
https://cyberneticphysics.com,200,https://cyberneticphysics.com,2026-04-28T18:31:51+00:00
https://github.com/cybernetic-physics,200,https://github.com/cybernetic-physics,2026-04-28T18:31:51+00:00
https://github.com/dart-labs-inc,200,https://github.com/dart-labs-inc,2026-04-28T18:31:51+00:00
https://github.com/dustland,200,https://github.com/dustland,2026-04-28T18:31:51+00:00
https://github.com/Eastworld-Labs,200,https://github.com/Eastworld-Labs,2026-04-28T18:31:51+00:00
https://www.prnewswire.com/news-releases/virtuals-protocol-launches-eastworld-labs-to-accelerate-real-world-deployment-of-humanoid-robots-302694292.html,200,https://www.prnewswire.com/news-releases/virtuals-protocol-launches-eastworld-labs-to-accelerate-real-world-deployment-of-humanoid-robots-302694292.html,2026-04-28T18:31:51+00:00
https://github.com/ebots-inc,200,https://github.com/ebots-inc,2026-04-28T18:31:51+00:00
https://ebots.com/company/,200,https://ebots.com/company/,2026-04-28T18:31:51+00:00
https://github.com/embodyx,200,https://github.com/embodyx,2026-04-28T18:31:51+00:00
https://embodyx.io,200,https://embodyx.io,2026-04-28T18:31:51+00:00
https://github.com/enactic,200,https://github.com/enactic,2026-04-28T18:31:51+00:00
https://enactic.ai/careers/,200,https://enactic.ai/careers/,2026-04-28T18:31:51+00:00
https://enactic.ai,200,https://enactic.ai,2026-04-28T18:31:51+00:00
https://huggingface.co/enfuse/edgevla-small-fmb,200,https://huggingface.co/enfuse/edgevla-small-fmb,2026-04-28T18:31:51+00:00
https://github.com/Extend-Robotics,200,https://github.com/Extend-Robotics,2026-04-28T18:31:52+00:00
https://extendrobotics.com,200,https://www.extendrobotics.com/,2026-04-28T18:31:51+00:00
https://github.com/frodobots-org,200,https://github.com/frodobots-org,2026-04-28T18:31:52+00:00
https://frodobots.ai/,200,https://www.frodobots.ai/,2026-04-28T18:31:52+00:00
https://github.com/General-Intelligence-Labs,200,https://github.com/General-Intelligence-Labs,2026-04-28T18:31:52+00:00
https://github.com/GenRobo,200,https://github.com/GenRobo,2026-04-28T18:31:52+00:00
https://generalrobotics.company/careers,200,https://www.generalrobotics.company/careers,2026-04-28T18:31:51+00:00
https://generalrobotics.company,200,https://www.generalrobotics.company/,2026-04-28T18:31:51+00:00
https://newsroom.accenture.com/news/2026/accenture-invests-in-general-robotics-to-advance-physical-ai-powered-robotics-in-manufacturing-and-logistics,200,https://newsroom.accenture.com/news/2026/accenture-invests-in-general-robotics-to-advance-physical-ai-powered-robotics-in-manufacturing-and-logistics,2026-04-28T18:31:51+00:00
https://github.com/gbionics,200,https://github.com/gbionics,2026-04-28T18:31:52+00:00
https://opentalk.iit.it/en/born-from-iit-generative-bionics-raises-e70-million-to-build-a-new-generation-of-intelligent-made-in-italy-humanoid-robots/,200,https://opentalk.iit.it/en/born-from-iit-generative-bionics-raises-e70-million-to-build-a-new-generation-of-intelligent-made-in-italy-humanoid-robots/,2026-04-28T18:31:53+00:00
https://github.com/Genesis-Embodied-AI,200,https://github.com/Genesis-Embodied-AI,2026-04-28T18:31:52+00:00
https://genesis-ai.company/join-us/,200,https://genesis-ai.company/join-us/,2026-04-28T18:31:51+00:00
https://genesis-ai.company,200,https://genesis-ai.company,2026-04-28T18:31:51+00:00
https://techcrunch.com/2025/07/01/genesis-ai-launches-with-105m-seed-funding-from-eclipse-khosla-to-build-ai-models-for-robots/,200,https://techcrunch.com/2025/07/01/genesis-ai-launches-with-105m-seed-funding-from-eclipse-khosla-to-build-ai-models-for-robots/,2026-04-28T18:31:51+00:00
https://github.com/hcltech-robotics,200,https://github.com/hcltech-robotics,2026-04-28T18:31:52+00:00
https://github.com/industrialnext,200,https://github.com/industrialnext,2026-04-28T18:31:52+00:00
https://industrialnext.ai/,200,https://industrialnext.ai/,2026-04-28T18:31:51+00:00
https://www.ycombinator.com/companies/industrial-next,200,https://www.ycombinator.com/companies/industrial-next,2026-04-28T18:31:51+00:00
https://github.com/intbotinc,200,https://github.com/intbotinc,2026-04-28T18:31:52+00:00
https://intbot.ai,200,https://intbot.ai,2026-04-28T18:31:51+00:00
https://github.com/ioai-tech/lerobot,200,https://github.com/ioai-tech/lerobot,2026-04-28T18:31:52+00:00
https://github.com/ioai-tech,200,https://github.com/ioai-tech,2026-04-28T18:31:52+00:00
https://github.com/NavIQLabs,200,https://github.com/NavIQLabs,2026-04-28T18:31:52+00:00
https://github.com/luckyrobots/lerobot,200,https://github.com/luckyrobots/lerobot,2026-04-28T18:31:52+00:00
https://github.com/luckyrobots,200,https://github.com/luckyrobots,2026-04-28T18:31:52+00:00
https://menlo.ai/products/asimov,200,https://menlo.ai/products/asimov,2026-04-28T18:31:51+00:00
https://github.com/menloresearch,200,https://github.com/menloresearch,2026-04-28T18:31:52+00:00
https://github.com/NeuroGrip,200,https://github.com/NeuroGrip,2026-04-28T18:31:52+00:00
https://github.com/NiryoRobotics/lerobot,200,https://github.com/NiryoRobotics/lerobot,2026-04-28T18:31:52+00:00
https://github.com/NiryoRobotics,200,https://github.com/NiryoRobotics,2026-04-28T18:31:52+00:00
https://niryo.com/about-us/,200,https://niryo.com/about-us/,2026-04-28T18:31:52+00:00
https://github.com/phospho-app/openpi,200,https://github.com/phospho-app/openpi,2026-04-28T18:31:52+00:00
https://www.ycombinator.com/companies/phospho,200,https://www.ycombinator.com/companies/nanocorp,2026-04-28T18:31:52+00:00
https://github.com/phospho-app,200,https://github.com/phospho-app,2026-04-28T18:31:52+00:00
https://phospho.ai/,200,https://phospho.ai/,2026-04-28T18:31:52+00:00
https://github.com/pollen-robotics/lerobot,200,https://github.com/pollen-robotics/lerobot,2026-04-28T18:31:52+00:00
https://github.com/pollen-robotics,200,https://github.com/pollen-robotics,2026-04-28T18:31:52+00:00
https://www.pollen-robotics.com/,200,https://www.pollen-robotics.com/,2026-04-28T18:31:53+00:00
https://github.com/Positronic-Robotics/openpi,200,https://github.com/Positronic-Robotics/openpi,2026-04-28T18:31:52+00:00
https://github.com/Positronic-Robotics,200,https://github.com/Positronic-Robotics,2026-04-28T18:31:52+00:00
https://github.com/qrafty-ai/lerobot,200,https://github.com/qrafty-ai/lerobot,2026-04-28T18:31:53+00:00
https://github.com/qrafty-ai,200,https://github.com/qrafty-ai,2026-04-28T18:31:52+00:00
https://github.com/RLWRLD,200,https://github.com/RLWRLD,2026-04-28T18:31:52+00:00
https://github.com/RLWRLD/launch-list,200,https://github.com/RLWRLD/launch-list,2026-04-28T18:31:52+00:00
https://www.therobotreport.com/physical-ai-startup-rlwrld-raises-26m/,200,https://www.therobotreport.com/physical-ai-startup-rlwrld-raises-26m/,2026-04-28T18:31:52+00:00
https://github.com/RobotecAI/openvla,200,https://github.com/RobotecAI/openvla,2026-04-28T18:31:52+00:00
https://www.robotec.ai/careers,200,https://www.robotec.ai/careers,2026-04-28T18:31:52+00:00
https://github.com/RobotecAI,200,https://github.com/RobotecAI,2026-04-28T18:31:52+00:00
https://github.com/satinavrobotics/openpi,200,https://github.com/satinavrobotics/openpi,2026-04-28T18:31:52+00:00
https://github.com/satinavrobotics,200,https://github.com/satinavrobotics,2026-04-28T18:31:52+00:00
https://github.com/servodevelop/lerobot,200,https://github.com/servodevelop/lerobot,2026-04-28T18:31:52+00:00
https://github.com/servodevelop,200,https://github.com/servodevelop,2026-04-28T18:31:52+00:00
https://github.com/GetSoloTech/solo-robotics,200,https://github.com/GetSoloTech/solo-robotics,2026-04-28T18:31:52+00:00
https://github.com/GetSoloTech,200,https://github.com/GetSoloTech,2026-04-28T18:31:52+00:00
https://getsolo.tech/,200,https://getsolo.tech/,2026-04-28T18:31:52+00:00
https://github.com/SpesRobotics/lerobot,200,https://github.com/SpesRobotics/lerobot,2026-04-28T18:31:53+00:00
https://github.com/SpesRobotics,200,https://github.com/SpesRobotics,2026-04-28T18:31:52+00:00
https://github.com/teamgrit-lab/tg-lerobot,200,https://github.com/teamgrit-lab/tg-lerobot,2026-04-28T18:31:53+00:00
https://github.com/teamgrit-lab,200,https://github.com/teamgrit-lab,2026-04-28T18:31:52+00:00
https://github.com/tiiuae/openvla-internal,200,https://github.com/tiiuae/openvla-internal,2026-04-28T18:31:52+00:00
https://github.com/tiiuae,200,https://github.com/tiiuae,2026-04-28T18:31:52+00:00
https://github.com/Tommoro-AI,200,https://github.com/Tommoro-AI,2026-04-28T18:31:53+00:00
https://github.com/transistor-robotics/openpi,200,https://github.com/transistor-robotics/openpi,2026-04-28T18:31:53+00:00
https://github.com/transistor-robotics,200,https://github.com/transistor-robotics,2026-04-28T18:31:52+00:00
https://github.com/TrossenRobotics/lerobot_trossen,200,https://github.com/TrossenRobotics/lerobot_trossen,2026-04-28T18:31:53+00:00
https://github.com/TrossenRobotics,200,https://github.com/TrossenRobotics,2026-04-28T18:31:53+00:00
https://github.com/tuul-ai,200,https://github.com/tuul-ai,2026-04-28T18:31:53+00:00
https://github.com/xArm-Developer/lerobot,200,https://github.com/xArm-Developer/lerobot,2026-04-28T18:31:53+00:00
https://github.com/xArm-Developer,200,https://github.com/xArm-Developer,2026-04-28T18:31:53+00:00
https://github.com/ugo-plus,200,https://github.com/ugo-plus,2026-04-28T18:31:53+00:00
https://github.com/vassar-robotics/Shoebill-Leader-Follower-Robotic-Arms,200,https://github.com/vassar-robotics/Shoebill-Leader-Follower-Robotic-Arms,2026-04-28T18:31:53+00:00
https://www.workatastartup.com/companies/30511,200,https://www.workatastartup.com/companies/vassar-robotics,2026-04-28T18:31:53+00:00
https://github.com/vassar-robotics,200,https://github.com/vassar-robotics,2026-04-28T18:31:53+00:00
https://www.ycombinator.com/companies/vassar-robotics,200,https://www.ycombinator.com/companies/vassar-robotics,2026-04-28T18:31:52+00:00
https://huggingface.co/Vizuara/dreamzero-so101-lora,200,https://huggingface.co/Vizuara/dreamzero-so101-lora,2026-04-28T18:31:52+00:00
https://huggingface.co/Vizuara,200,https://huggingface.co/Vizuara,2026-04-28T18:31:52+00:00
https://huggingface.co/vrfai,200,https://huggingface.co/vrfai,2026-04-28T18:31:52+00:00
https://github.com/wandelbotsgmbh,200,https://github.com/wandelbotsgmbh,2026-04-28T18:31:53+00:00
https://wandelbots.com,200,https://www.wandelbots.com/,2026-04-28T18:31:53+00:00
https://huggingface.co/webstep/smolvla_single_orange_duplo_pickup,200,https://huggingface.co/webstep/smolvla_single_orange_duplo_pickup,2026-04-28T18:31:53+00:00
https://huggingface.co/webstep,200,https://huggingface.co/webstep,2026-04-28T18:31:53+00:00
https://github.com/WeGo-Robotics/lerobot_robot_piper,200,https://github.com/WeGo-Robotics/lerobot_robot_piper,2026-04-28T18:31:53+00:00
https://github.com/WeGo-Robotics,200,https://github.com/WeGo-Robotics,2026-04-28T18:31:53+00:00
https://github.com/westonrobot,200,https://github.com/westonrobot,2026-04-28T18:31:53+00:00
https://github.com/yaak-ai/rmind,200,https://github.com/yaak-ai/rmind,2026-04-28T18:31:53+00:00
https://yaak.ai,200,https://www.yaak.ai/,2026-04-28T18:31:53+00:00
https://github.com/yaak-ai,200,https://github.com/yaak-ai,2026-04-28T18:31:53+00:00
https://github.com/zenbotix/lerobot_dex,200,https://github.com/zenbotix/lerobot_dex,2026-04-28T18:31:53+00:00
https://github.com/zenbotix,200,https://github.com/zenbotix,2026-04-28T18:31:53+00:00
https://github.com/ZeroShotData/Isaac-GR00T,200,https://github.com/ZeroShotData/Isaac-GR00T,2026-04-28T18:31:53+00:00
https://github.com/ZeroShotData,200,https://github.com/ZeroShotData,2026-04-28T18:31:53+00:00
https://brightpick.ai,200,https://brightpick.ai,2026-04-28T18:31:53+00:00
https://osaro.com,200,https://www.osaro.com/,2026-04-28T18:31:53+00:00
https://www.ambirobotics.com/careers,200,https://www.ambirobotics.com/careers,2026-04-28T18:31:53+00:00
https://github.com/hello-robot/stretch_ai,200,https://github.com/hello-robot/stretch_ai,2026-04-28T18:31:53+00:00
https://hello-robot.com/careers,200,https://hello-robot.com/careers,2026-04-28T18:31:53+00:00
https://spectrum.ieee.org/hello-robot-stretch-3,200,https://spectrum.ieee.org/hello-robot-stretch-3,2026-04-28T18:31:53+00:00
https://www.iotworldtoday.com/robotics/locus-robotics-latest-funding-round-values-company-at-nearly-2b-,200,https://www.techtarget.com/searchcio/answer/ITPro-Today-Network-Computing-IoT-World-Today-combine-with-TechTarget,2026-04-28T18:31:53+00:00
https://www.feedtheai.com/nventures-portfolio-ai-startups-backed-by-nvidia/,200,https://www.feedtheai.com/nventures-portfolio-ai-startups-backed-by-nvidia/,2026-04-28T18:31:53+00:00
https://www.therobotreport.com/moon-surgical-raises-55-4m-to-support-surgical-robot-platform/,200,https://www.therobotreport.com/moon-surgical-raises-55-4m-to-support-surgical-robot-platform/,2026-04-28T18:31:53+00:00
https://humanoidroboticstechnology.com/news/shadow-robot-unveils-the-worlds-most-robust-dexterous-hand-developed-with-google-deepmind/,200,https://humanoidroboticstechnology.com/news/shadow-robot-unveils-the-worlds-most-robust-dexterous-hand-developed-with-google-deepmind/,2026-04-28T18:31:53+00:00
https://shadowrobot.com/,200,https://shadowrobot.com/,2026-04-28T18:31:53+00:00
https://embodiedai.ch/,200,https://embodiedai.ch/,2026-04-28T18:31:53+00:00
https://www.therobotreport.com/x-square-robot-secures-140m-in-funding-for-ai-foundation-models/,200,https://www.therobotreport.com/x-square-robot-secures-140m-in-funding-for-ai-foundation-models/,2026-04-28T18:31:53+00:00
https://www.agibot.com/,200,https://www.agibot.com/,2026-04-28T18:31:54+00:00
https://www.scmp.com/tech/big-tech/article/3337477/chinas-agibot-targets-us142-million-revenue-march-humanoid-robots-gathers-pace,200,https://www.scmp.com/tech/big-tech/article/3337477/chinas-agibot-targets-us142-million-revenue-march-humanoid-robots-gathers-pace,2026-04-28T18:31:53+00:00
https://mikekalil.com/blog/agibot-zhiyuan-robotics/,200,https://mikekalil.com/blog/agibot-zhiyuan-robotics/,2026-04-28T18:31:53+00:00
https://www.scmp.com/tech/tech-trends/article/3307356/chinas-humanoid-robot-sector-enters-mass-production-unitree-agibot-among-pack,200,https://www.scmp.com/tech/tech-trends/article/3307356/chinas-humanoid-robot-sector-enters-mass-production-unitree-agibot-among-pack,2026-04-28T18:31:53+00:00
https://foundation.bot/,200,https://foundation.bot/,2026-04-28T18:31:53+00:00
https://www.foundation.bot/careers,200,https://foundation.bot/careers,2026-04-28T18:31:53+00:00
https://sfstandard.com/2025/08/13/humanoid-robots-military-foundation-terminator/,200,https://sfstandard.com/2025/08/13/humanoid-robots-military-foundation-terminator/,2026-04-28T18:31:53+00:00
https://www.galbot.com/en,200,https://www.galbot.com/en,2026-04-28T18:31:55+00:00
https://kr-asia.com/touch-enabled-robots-inch-closer-to-reality-as-lumos-robotics-secures-new-funding,200,https://kr-asia.com/touch-enabled-robots-inch-closer-to-reality-as-lumos-robotics-secures-new-funding,2026-04-28T18:31:54+00:00
https://www.linkedin.com/company/lumos-robotics,200,https://www.linkedin.com/company/lumos-robotics,2026-04-28T18:31:53+00:00
https://humanoids.dev/p/lumos-robotics-deep-dive,200,https://humanoids.dev/p/lumos-robotics-deep-dive,2026-04-28T18:31:53+00:00
https://humanoidroboticstechnology.com/articles/humanoid-funding-rounds-in-2025/,200,https://humanoidroboticstechnology.com/articles/humanoid-funding-rounds-in-2025/,2026-04-28T18:31:53+00:00
https://x.com/XRoboHub/status/1924100325969170824,200,https://x.com/XRoboHub/status/1924100325969170824,2026-04-28T18:31:53+00:00
https://magiclab.top,200,https://www.magiclab.top/en,2026-04-28T18:31:54+00:00
https://autonews.gasgoo.com/articles/icv/seeds-magiclab-officially-announces-500-million-yuan-new-funding-2031616054575349761,200,https://autonews.gasgoo.com/articles/icv/seeds-magiclab-officially-announces-500-million-yuan-new-funding-2031616054575349761,2026-04-28T18:31:54+00:00
https://www.magiclab.top/en/,200,https://www.magiclab.top/en/,2026-04-28T18:31:53+00:00
https://www.linkedin.com/company/magiclabrobotics,200,https://www.linkedin.com/company/magiclabrobotics,2026-04-28T18:31:53+00:00
https://www.linkedin.com/posts/wmf-we-make-future_daniele-pucci-generative-bionics-the-future-activity-7436031581607251968-9kCY,200,https://www.linkedin.com/posts/wmf-we-make-future_daniele-pucci-generative-bionics-the-future-activity-7436031581607251968-9kCY,2026-04-28T18:31:53+00:00
https://arxiv.org/abs/2509.10771,200,https://arxiv.org/abs/2509.10771,2026-04-28T18:31:53+00:00
https://x.com/zhou_xian_/status/1869511650782658846,200,https://x.com/zhou_xian_/status/1869511650782658846,2026-04-28T18:31:53+00:00
https://hughw19.github.io/,200,https://hughw19.github.io/,2026-04-28T18:31:53+00:00
https://www.linkedin.com/posts/jung-hee-ryu-5376623_rlwrld-defining-the-future-of-physical-ai-activity-7379709270189277185-Nu1l,200,https://www.linkedin.com/posts/jung-hee-ryu-5376623_rlwrld-defining-the-future-of-physical-ai-activity-7379709270189277185-Nu1l,2026-04-28T18:31:53+00:00
https://www.therobotreport.com/fieldai-founder-ceo-discuss-building-risk-aware-ai-models-robobusiness/,200,https://www.therobotreport.com/fieldai-founder-ceo-discuss-building-risk-aware-ai-models-robobusiness/,2026-04-28T18:31:53+00:00
https://theaiinsider.tech/2026/02/05/nomagic-closes-e8-51m-series-b-extension-to-scale-ai-driven-warehouse-robotics/,200,https://theaiinsider.tech/2026/02/05/nomagic-closes-e8-51m-series-b-extension-to-scale-ai-driven-warehouse-robotics/,2026-04-28T18:31:54+00:00
https://sereact.ai/posts/cortex-2,200,https://sereact.ai/posts/cortex-2,2026-04-28T18:31:53+00:00
https://www.generalrobotics.company/post/lessons-from-airsim,200,https://www.generalrobotics.company/post/lessons-from-airsim,2026-04-28T18:31:53+00:00
https://x.com/plbiojout/status/1901710164853477830,200,https://x.com/plbiojout/status/1901710164853477830,2026-04-28T18:31:53+00:00
https://www.humanoidsdaily.com/news/peace-through-strength-foundation-ceo-showcases-phantom-robot-on-fox-business,200,https://www.humanoidsdaily.com/news/peace-through-strength-foundation-ceo-showcases-phantom-robot-on-fox-business,2026-04-28T18:31:53+00:00
https://www.linkedin.com/posts/saba-khalilnaji_shawn-patel-and-i-left-our-comfortable-swe-activity-7369082650441019396-J4j_,200,https://www.linkedin.com/posts/saba-khalilnaji_shawn-patel-and-i-left-our-comfortable-swe-activity-7369082650441019396-J4j_,2026-04-28T18:31:54+00:00
https://niryo.com/nate-robotic-platform-makes-industrial-automation-accessible/,200,https://niryo.com/nate-robotic-platform-makes-industrial-automation-accessible/,2026-04-28T18:31:54+00:00
https://www.therobotreport.com/phail-ranks-robotics-foundation-models-real-hardware/,200,https://www.therobotreport.com/phail-ranks-robotics-foundation-models-real-hardware/,2026-04-28T18:31:53+00:00
https://hirek.prim.hu/cikk/2025/10/19/autonom_erdeszeti_robotok_szuletnek_sopronban,200,https://hirek.prim.hu/cikk/2025/10/19/autonom_erdeszeti_robotok_szuletnek_sopronban,2026-04-28T18:31:54+00:00
https://getsolotech.substack.com/,200,https://getsolotech.substack.com/,2026-04-28T18:31:53+00:00
https://www.wandelbots.com/news,200,https://www.wandelbots.com/news,2026-04-28T18:31:53+00:00
https://www.prnewswire.com/news-releases/opentrons-hires-gautam-prabhu-as-cto-to-accelerate-automated-lab-robotics-engineering-solutions-301878910.html,200,https://www.prnewswire.com/news-releases/opentrons-hires-gautam-prabhu-as-cto-to-accelerate-automated-lab-robotics-engineering-solutions-301878910.html,2026-04-28T18:31:53+00:00
https://www.humanoidsdaily.com/news/menlo-research-open-sources-asimov-v1-releasing-cad-and-simulation-files-for-the-rest-of-us,200,https://www.humanoidsdaily.com/news/menlo-research-open-sources-asimov-v1-releasing-cad-and-simulation-files-for-the-rest-of-us,2026-04-28T18:31:53+00:00
https://www.vizuara.com/team,200,https://www.vizuara.com/team,2026-04-28T18:31:53+00:00
https://www.linkedin.com/in/daniele-pucci-78428420/,BOTBLOCK_OK:999,https://www.linkedin.com/in/daniele-pucci-78428420/,2026-04-28T18:31:53+00:00
https://ch.linkedin.com/in/david-hoeller,BOTBLOCK_OK:999,https://ch.linkedin.com/in/david-hoeller,2026-04-28T18:31:53+00:00
https://www.linkedin.com/in/zhou-xian-588128150/,BOTBLOCK_OK:999,https://www.linkedin.com/in/zhou-xian-588128150/,2026-04-28T18:31:53+00:00
https://www.linkedin.com/in/he-wang-58543770/,BOTBLOCK_OK:999,https://www.linkedin.com/in/he-wang-58543770/,2026-04-28T18:31:53+00:00
https://www.linkedin.com/in/jung-hee-ryu-5376623/,BOTBLOCK_OK:999,https://www.linkedin.com/in/jung-hee-ryu-5376623/,2026-04-28T18:31:53+00:00
https://www.linkedin.com/in/ali-agha-7aa5212a,BOTBLOCK_OK:999,https://www.linkedin.com/in/ali-agha-7aa5212a,2026-04-28T18:31:53+00:00
https://www.businesswire.com/news/home/20250204184202/en/eBots-and-Foxconn-Collaboration-Sets-a-New-Record-in-Adaptive-Precision-Manufacturing-Embodied-AI-Robot-Successfully-Passes-Factory-Acceptance-Test-FAT,BOTBLOCK_OK:403,https://www.businesswire.com/news/home/20250204184202/en/eBots-and-Foxconn-Collaboration-Sets-a-New-Record-in-Adaptive-Precision-Manufacturing-Embodied-AI-Robot-Successfully-Passes-Factory-Acceptance-Test-FAT,2026-04-28T18:31:53+00:00
https://www.linkedin.com/in/ashish-kapoor-a2971b6,BOTBLOCK_OK:429,https://www.linkedin.com/in/ashish-kapoor-a2971b6,2026-04-28T18:31:53+00:00
https://www.linkedin.com/in/plbiojout/,BOTBLOCK_OK:999,https://www.linkedin.com/in/plbiojout/,2026-04-28T18:31:54+00:00
https://www.linkedin.com/in/charlie-kemp-96b0a9159/,BOTBLOCK_OK:429,https://www.linkedin.com/in/charlie-kemp-96b0a9159/,2026-04-28T18:31:53+00:00
https://www.linkedin.com/in/dabrowskiadam/,BOTBLOCK_OK:999,https://www.linkedin.com/in/dabrowskiadam/,2026-04-28T18:31:53+00:00
https://www.linkedin.com/in/charles-zhengqi-yong/,BOTBLOCK_OK:999,https://www.linkedin.com/in/charles-zhengqi-yong/,2026-04-28T18:31:53+00:00
https://www.linkedin.com/in/seanbjohnson/,BOTBLOCK_OK:429,https://www.linkedin.com/in/seanbjohnson/,2026-04-28T18:31:53+00:00
https://www.linkedin.com/in/sankaet/,BOTBLOCK_OK:999,https://www.linkedin.com/in/sankaet/,2026-04-28T18:31:53+00:00
https://www.linkedin.com/in/lucasngoo/,BOTBLOCK_OK:999,https://www.linkedin.com/in/lucasngoo/,2026-04-28T18:31:53+00:00
https://www.linkedin.com/in/sebbyjp,BOTBLOCK_OK:999,https://www.linkedin.com/in/sebbyjp,2026-04-28T18:31:53+00:00
https://www.therobotreport.com/rbr50-company-2025/mbody-ai-enables-robots-to-learn-skills-via-natural-language/,BOTBLOCK_OK:403,https://www.therobotreport.com/rbr50-company-2025/mbody-ai-enables-robots-to-learn-skills-via-natural-language/,2026-04-28T18:31:53+00:00
https://www.linkedin.com/in/saba-khalilnaji/,BOTBLOCK_OK:999,https://www.linkedin.com/in/saba-khalilnaji/,2026-04-28T18:31:53+00:00
https://www.linkedin.com/in/lukas-pankau-16672185561660,BOTBLOCK_OK:999,https://www.linkedin.com/in/lukas-pankau-16672185561660,2026-04-28T18:31:54+00:00
https://www.linkedin.com/in/xsichen/,BOTBLOCK_OK:999,https://www.linkedin.com/in/xsichen/,2026-04-28T18:31:53+00:00
https://www.linkedin.com/in/marc-henri-frouin-605131b9/,BOTBLOCK_OK:999,https://www.linkedin.com/in/marc-henri-frouin-605131b9/,2026-04-28T18:31:53+00:00
https://www.linkedin.com/in/sergeyarkhangelskiy/,BOTBLOCK_OK:999,https://www.linkedin.com/in/sergeyarkhangelskiy/,2026-04-28T18:31:53+00:00
https://hu.linkedin.com/in/czm21,BOTBLOCK_OK:999,https://hu.linkedin.com/in/czm21,2026-04-28T18:31:54+00:00
https://www.linkedin.com/in/dhruvdiddi,BOTBLOCK_OK:999,https://www.linkedin.com/in/dhruvdiddi,2026-04-28T18:31:53+00:00
https://www.linkedin.com/in/christian-piechnick/,BOTBLOCK_OK:999,https://www.linkedin.com/in/christian-piechnick/,2026-04-28T18:31:54+00:00
https://www.linkedin.com/in/martin-zielinski/,BOTBLOCK_OK:999,https://www.linkedin.com/in/martin-zielinski/,2026-04-28T18:31:54+00:00
https://www.linkedin.com/in/jistok/,BOTBLOCK_OK:999,https://www.linkedin.com/in/jistok/,2026-04-28T18:31:54+00:00
https://www.linkedin.com/in/jopequ/,BOTBLOCK_OK:999,https://www.linkedin.com/in/jopequ/,2026-04-28T18:31:54+00:00
https://www.linkedin.com/in/nicolezhu/,BOTBLOCK_OK:999,https://www.linkedin.com/in/nicolezhu/,2026-04-28T18:31:54+00:00
https://www.linkedin.com/in/byoung-tak-zhang-a30a6546/,BOTBLOCK_OK:999,https://www.linkedin.com/in/byoung-tak-zhang-a30a6546/,2026-04-28T18:31:54+00:00
https://www.linkedin.com/in/raj-abhijit-dandekar-67a33118a/,BOTBLOCK_OK:999,https://www.linkedin.com/in/raj-abhijit-dandekar-67a33118a/,2026-04-28T18:31:54+00:00
https://www.linkedin.com/in/michalmaly/,BOTBLOCK_OK:999,https://www.linkedin.com/in/michalmaly/,2026-04-28T18:31:54+00:00
https://www.therobotreport.com/flexion-raises-50m-build-ai-systems-power-humanoids/,200,https://www.therobotreport.com/flexion-raises-50m-build-ai-systems-power-humanoids/,2026-04-28T18:31:54+00:00
https://news.crunchbase.com/venture/robotic-brain-building-startup-flexion-raise/,BOTBLOCK_OK:403,https://news.crunchbase.com/venture/robotic-brain-building-startup-flexion-raise/,2026-04-28T18:31:54+00:00
https://www.prosus.com/news-insights/2025/prosus-ventures-invests-in-flexion-robotics-to-build-the-intelligence-stack-for-humanoid-robots,200,https://www.prosus.com/news-insights/2025/prosus-ventures-invests-in-flexion-robotics-to-build-the-intelligence-stack-for-humanoid-robots,2026-04-28T18:31:54+00:00
https://www.silicon.co.uk/press-release/ebots-and-foxconn-collaboration-sets-a-new-record-in-adaptive-precision-manufacturing-embodied-ai-robot-successfully-passes-factory-acceptance-test-fat,200,https://www.silicon.co.uk/press-release/ebots-and-foxconn-collaboration-sets-a-new-record-in-adaptive-precision-manufacturing-embodied-ai-robot-successfully-passes-factory-acceptance-test-fat,2026-04-28T18:31:54+00:00
https://www.themachinenation.com/news/ebots-and-foxconn-collaboration-sets-a-new-record-in-adaptive-precision-manufacturing,200,https://www.themachinenation.com/news/ebots-and-foxconn-collaboration-sets-a-new-record-in-adaptive-precision-manufacturing,2026-04-28T18:31:54+00:00
https://www.therobotreport.com/from-icub-to-humanoids-generative-bionics-raises-81m/,200,https://www.therobotreport.com/from-icub-to-humanoids-generative-bionics-raises-81m/,2026-04-28T18:31:54+00:00
https://www.eurekalert.org/news-releases/1109288,200,https://www.eurekalert.org/news-releases/1109288,2026-04-28T18:31:54+00:00
https://gbionics.ai/downloads/PRESS_RELEASE.pdf,200,https://gbionics.ai/downloads/PRESS_RELEASE.pdf,2026-04-28T18:31:54+00:00
https://github.com/x-square-robot/wall-x,200,https://github.com/x-square-robot/wall-x,2026-04-28T18:31:54+00:00
https://huggingface.co/x-square-robot/wall-oss-flow,200,https://huggingface.co/x-square-robot/wall-oss-flow,2026-04-28T18:31:54+00:00
https://x2robot.com,200,https://x2robot.com,2026-04-28T18:31:54+00:00
https://arxiv.org/abs/2509.20753,200,https://arxiv.org/abs/2509.20753,2026-04-28T18:31:54+00:00
https://www.therobotreport.com/galbot-picks-up-153m-commercialize-g1-semi-humanoid/,200,https://www.therobotreport.com/galbot-picks-up-153m-commercialize-g1-semi-humanoid/,2026-04-28T18:31:54+00:00
https://techcrunch.com/2024/09/25/13-companies-from-yc-demo-day-1-that-are-worth-paying-attention-to/,200,https://techcrunch.com/2024/09/25/13-companies-from-yc-demo-day-1-that-are-worth-paying-attention-to/,2026-04-28T18:31:54+00:00
https://newmarketpitch.com/blogs/news/humanoid-robotics-funding-analysis,200,https://newmarketpitch.com/blogs/news/humanoid-robotics-funding-analysis,2026-04-28T18:31:54+00:00
https://www.bvp.com/portfolio,200,https://www.bvp.com/companies,2026-04-28T18:31:54+00:00
https://theaiinsider.tech/2026/04/22/humble-emerges-from-stealth-with-24m-in-seed-funding-for-autonomous-cabless-electric-freight-hauling/,200,https://theaiinsider.tech/2026/04/22/humble-emerges-from-stealth-with-24m-in-seed-funding-for-autonomous-cabless-electric-freight-hauling/,2026-04-28T18:31:54+00:00
https://techcrunch.com/2025/11/17/bone-ai-raises-funding-to-challenge-asias-defense-giants-with-next-gen-ai-powered-robotics/,200,https://techcrunch.com/2025/11/17/bone-ai-raises-funding-to-challenge-asias-defense-giants-with-next-gen-ai-powered-robotics/,2026-04-28T18:31:54+00:00
https://www.therobotreport.com/ces-2025-recap-noteworthy-robots-at-this-years-show/,200,https://www.therobotreport.com/ces-2025-recap-noteworthy-robots-at-this-years-show/,2026-04-28T18:31:54+00:00
https://techcrunch.com/2025/09/30/former-openai-and-deepmind-researchers-raise-whopping-300m-seed-to-automate-science/,200,https://techcrunch.com/2025/09/30/former-openai-and-deepmind-researchers-raise-whopping-300m-seed-to-automate-science/,2026-04-28T18:31:54+00:00
https://www.therobotreport.com/coco-robotics-raises-80m-to-scale-sidewalk-delivery-robots/,200,https://www.therobotreport.com/coco-robotics-raises-80m-to-scale-sidewalk-delivery-robots/,2026-04-28T18:31:54+00:00
https://www.massrobotics.org/startups/massrobotics-resident-startups/,200,https://www.massrobotics.org/startups/massrobotics-resident-startups/,2026-04-28T18:31:54+00:00
https://congruent.io/,200,https://congruent.io/,2026-04-28T18:31:54+00:00
https://techcrunch.com/2024/02/08/daedalus-manufacturing-jonas-schneider-openai-robotics-raises-21-million/,200,https://techcrunch.com/2024/02/08/daedalus-manufacturing-jonas-schneider-openai-robotics-raises-21-million/,2026-04-28T18:31:54+00:00
https://www.onerobot.io/,200,https://www.onerobot.io/,2026-04-28T18:31:54+00:00
https://yctierlist.com/w26/one-robot/,200,https://yctierlist.com/w26/one-robot/,2026-04-28T18:31:54+00:00
https://www.therobotreport.com/noble-machines-exits-stealth-with-moby-humanoid/,200,https://www.therobotreport.com/noble-machines-exits-stealth-with-moby-humanoid/,2026-04-28T18:31:54+00:00
https://global.rakuten.com/corp/news/press/2025/0226_01.html,200,https://global.rakuten.com/corp/news/press/2025/0226_01.html,2026-04-28T18:31:54+00:00
https://virtuososurgical.net/2025/01/13/virtuoso-surgical-robot-helps-enable-innovative-arpa-h-project-on-artificial-intelligence/,200,https://virtuososurgical.net/2025/01/13/virtuoso-surgical-robot-helps-enable-innovative-arpa-h-project-on-artificial-intelligence/,2026-04-28T18:31:54+00:00
https://www.extruct.ai/data-room/ycombinator-companies-s25/,200,https://www.extruct.ai/data-room/ycombinator-companies-s25/,2026-04-28T18:31:54+00:00
https://www.extruct.ai/ycombinator-companies/x25/,200,https://www.extruct.ai/data-room/ycombinator-companies-x25/,2026-04-28T18:31:54+00:00
https://theaiinsider.tech/2026/01/05/zeroth-robotics-emerges-from-stealth-enters-u-s-market-debuts-lineup-of-interactive-ai-robots/,200,https://theaiinsider.tech/2026/01/05/zeroth-robotics-emerges-from-stealth-enters-u-s-market-debuts-lineup-of-interactive-ai-robots/,2026-04-28T18:31:54+00:00
https://www.wing.vc/content/yc-w24-demo-day-the-implications-for-enterprise-tech,200,https://www.wing.vc/content/yc-w24-demo-day-the-implications-for-enterprise-tech,2026-04-28T18:31:54+00:00
https://www.therobotreport.com/agile-robots-launches-agile-one-industrial-humanoid/,200,https://www.therobotreport.com/agile-robots-launches-agile-one-industrial-humanoid/,2026-04-28T18:31:54+00:00
https://techcrunch.com/2026/03/24/agile-robots-becomes-the-latest-robotics-company-to-partner-with-google-deepmind/,200,https://techcrunch.com/2026/03/24/agile-robots-becomes-the-latest-robotics-company-to-partner-with-google-deepmind/,2026-04-28T18:31:54+00:00
https://english.news.cn/20260109/bab6612656664145bb5becc3781edd59/c.html,200,https://english.news.cn/20260109/bab6612656664145bb5becc3781edd59/c.html,2026-04-28T18:31:54+00:00
https://tech.eu/2026/02/16/sitegeist-secures-eur4m-pre-seed-for-ai-modular-robots-in-construction/,200,https://tech.eu/2026/02/16/sitegeist-secures-eur4m-pre-seed-for-ai-modular-robots-in-construction/,2026-04-28T18:31:54+00:00
https://newmarketpitch.com/blogs/news/robotics-funding-news,200,https://newmarketpitch.com/blogs/news/robotics-funding-news,2026-04-28T18:31:54+00:00
https://techcrunch.com/2026/03/31/nomadic-raises-8-4-million-to-wrangle-the-data-pouring-off-avs/,200,https://techcrunch.com/2026/03/31/nomadic-raises-8-4-million-to-wrangle-the-data-pouring-off-avs/,2026-04-28T18:31:54+00:00
https://techcrunch.com/2026/03/26/16-of-the-most-interesting-startups-from-yc-w26-demo-day/,200,https://techcrunch.com/2026/03/26/16-of-the-most-interesting-startups-from-yc-w26-demo-day/,2026-04-28T18:31:54+00:00
https://inc42.com/features/addverbs-humanoid-bet-how-this-noida-robotics-startup-is-building-physical-ai/,200,https://inc42.com/startups/addverbs-humanoid-bet-how-this-noida-robotics-startup-is-building-physical-ai/,2026-04-28T18:31:55+00:00
https://greylock.com/portfolio/,200,https://greylock.com/portfolio/,2026-04-28T18:31:54+00:00
https://www.lantronix.com/newsroom/press-releases/lantronix-solution-powers-u-s-army-approved-teal-drones-a-red-cat-holdings-co-unlocking-secure-edge-ai-growth-opportunity/,BOTBLOCK_OK:403,https://www.lantronix.com/newsroom/press-releases/lantronix-solution-powers-u-s-army-approved-teal-drones-a-red-cat-holdings-co-unlocking-secure-edge-ai-growth-opportunity/,2026-04-28T18:31:54+00:00
https://www.extruct.ai/ycombinator-companies/w25/,200,https://www.extruct.ai/data-room/ycombinator-companies-w25/,2026-04-28T18:31:54+00:00
https://techcrunch.com/2025/03/23/former-cruise-ceo-kyle-vogts-new-robotics-startup-reportedly-raises-another-150m/,200,https://techcrunch.com/2025/03/23/former-cruise-ceo-kyle-vogts-new-robotics-startup-reportedly-raises-another-150m/,2026-04-28T18:31:54+00:00
https://theator.io/,200,https://theator.io/,2026-04-28T18:31:54+00:00
https://en.wowtale.net/2025/07/13/231588/,200,https://en.wowtale.net/2025/07/13/231588/,2026-04-28T18:31:54+00:00
https://eu.36kr.com/en/p/3610836423574531,200,https://eu.36kr.com/en/p/3610836423574531,2026-04-28T18:31:55+00:00
https://technode.global/2026/03/11/temasek-backed-rhoda-ai-raises-450m-series-a-funding-to-accelerate-robotics-development/,200,https://technode.global/2026/03/11/temasek-backed-rhoda-ai-raises-450m-series-a-funding-to-accelerate-robotics-development/,2026-04-28T18:31:55+00:00
https://www.businesswire.com/news/home/20260310715139/en/Rhoda-AI-Exits-Stealth-with-$450-Million-Series-A-to-Bring-Robots-Out-of-the-Lab-and-Into-the-Real-World,BOTBLOCK_OK:403,https://www.businesswire.com/news/home/20260310715139/en/Rhoda-AI-Exits-Stealth-with-$450-Million-Series-A-to-Bring-Robots-Out-of-the-Lab-and-Into-the-Real-World,2026-04-28T18:31:54+00:00
https://theaiinsider.tech/2025/09/27/kepler-moves-worlds-first-commercially-available-hybrid-architecture-humanoid-robot-into-mass-production/,200,https://theaiinsider.tech/2025/09/27/kepler-moves-worlds-first-commercially-available-hybrid-architecture-humanoid-robot-into-mass-production/,2026-04-28T18:31:54+00:00
https://tech.eu/2026/03/24/stateful-robotics-secures-48m-to-advance-long-term-robot-intelligence/,200,https://tech.eu/2026/03/24/stateful-robotics-secures-48m-to-advance-long-term-robot-intelligence/,2026-04-28T18:31:54+00:00
https://news.ycombinator.com/item?id=47864502,200,https://news.ycombinator.com/item?id=47864502,2026-04-28T18:31:54+00:00
https://agfundernews.com/the-7-biggest-farm-robotics-deals-of-2024-so-far,200,https://agfundernews.com/the-7-biggest-farm-robotics-deals-of-2024-so-far,2026-04-28T18:31:54+00:00
https://generalistai.com/blog/nov-04-2025-GEN-0,200,https://generalistai.com/blog/nov-04-2025-GEN-0,2026-04-28T18:31:54+00:00
https://techcrunch.com/2025/03/19/a-key-deepmind-robotics-researcher-left-google-and-nvidia-has-already-backed-his-stealth-startup/,200,https://techcrunch.com/2025/03/19/a-key-deepmind-robotics-researcher-left-google-and-nvidia-has-already-backed-his-stealth-startup/,2026-04-28T18:31:54+00:00
https://www.therobotreport.com/top-10-robotics-developments-march-2026/,200,https://www.therobotreport.com/top-10-robotics-developments-march-2026/,2026-04-28T18:31:54+00:00
https://eu.36kr.com/en/p/3701216103281408,200,https://eu.36kr.com/en/p/3701216103281408,2026-04-28T18:31:55+00:00
https://www.therobotreport.com/u-k-based-startup-humanoid-unveils-hmnd-01-alpha-mobile-manipulator/,200,https://www.therobotreport.com/u-k-based-startup-humanoid-unveils-hmnd-01-alpha-mobile-manipulator/,2026-04-28T18:31:54+00:00
https://tx-inc.com/en/blog/2025/09/30/12542/,200,https://tx-inc.com/en/blog/2025/09/30/12542/,2026-04-28T18:31:55+00:00
https://mikekalil.com/blog/booster-noetix-cheap-humanoid-robots/,200,https://mikekalil.com/blog/booster-noetix-cheap-humanoid-robots/,2026-04-28T18:31:54+00:00
https://pitchbook.com/profiles/company/1326584-71,BOTBLOCK_OK:403,https://pitchbook.com/profiles/company/1326584-71,2026-04-28T18:31:54+00:00
https://servo7.com/,200,https://servo7.com/,2026-04-28T18:31:54+00:00
https://sifted.eu/articles/eth-robotics-spinout-mimic-raises-16m-seed,200,https://sifted.eu/articles/eth-robotics-spinout-mimic-raises-16m-seed,2026-04-28T18:31:54+00:00
https://www.sharpa.com/blogs/news/singapores-sharpa-wins-ces-2026-innovation-award-for-groundbreak-ai-robotic-hand-sharpawave,200,https://www.sharpa.com/blogs/news/singapores-sharpa-wins-ces-2026-innovation-award-for-groundbreak-ai-robotic-hand-sharpawave,2026-04-28T18:31:54+00:00
https://www.scmp.com/tech/tech-trends/article/3330046/chinese-robotics-start-noetix-debuts-family-friendly-us1400-humanoid,200,https://www.scmp.com/tech/tech-trends/article/3330046/chinese-robotics-start-noetix-debuts-family-friendly-us1400-humanoid,2026-04-28T18:31:54+00:00
https://www.aigen.io/,200,https://www.aigen.io/,2026-04-28T18:31:54+00:00
https://www.booster.tech/,200,https://www.booster.tech/,2026-04-28T18:31:54+00:00
https://www.caixinglobal.com/2025-07-25/chinas-booster-robotics-lands-new-funding-as-it-hits-a-winning-streak-102344904.html,200,https://www.caixinglobal.com/2025-07-25/chinas-booster-robotics-lands-new-funding-as-it-hits-a-winning-streak-102344904.html,2026-04-28T18:31:54+00:00
https://generalistai.com/careers,200,https://generalistai.com/careers,2026-04-28T18:31:54+00:00
https://www.ycombinator.com/companies/adagy-robotics,200,https://www.ycombinator.com/companies/tuesday-lab,2026-04-28T18:31:54+00:00
https://www.workatastartup.com/companies/adagy-robotics,200,https://www.workatastartup.com/companies/tuesday-lab,2026-04-28T18:31:54+00:00
https://careers.addverb.com/,200,https://careers.addverb.com/,2026-04-28T18:31:55+00:00
https://addverb.com/,200,https://addverb.com/,2026-04-28T18:31:56+00:00
https://www.therobotreport.com/ai2-robotics-raises-series-b-funding-advance-alphabot-embodied-ai/,200,https://www.therobotreport.com/ai2-robotics-raises-series-b-funding-advance-alphabot-embodied-ai/,2026-04-28T18:31:54+00:00
https://ai2robotics.com/en/about/,200,https://ai2robotics.com/en/about/,2026-04-28T18:31:55+00:00
https://jobs.lever.co/aigen/,200,https://jobs.lever.co/aigen/,2026-04-28T18:31:54+00:00
https://tryasimov.ai,200,https://tryasimov.ai,2026-04-28T18:31:54+00:00
https://atirobotics.ai/company/careers/,200,https://www.atirobotics.ai/company/careers/,2026-04-28T18:31:54+00:00
https://avride.ai,200,https://www.avride.ai/,2026-04-28T18:31:54+00:00
https://www.bonerobotics.ai/,200,https://www.bonerobotics.ai/,2026-04-28T18:31:54+00:00
https://www.boostrobotics.ai,200,https://www.boostrobotics.ai,2026-04-28T18:31:54+00:00
https://www.breakerindustries.com,200,https://www.breakerindustries.com,2026-04-28T18:31:54+00:00
https://burro.ai/careers,200,https://burro.ai/careers/,2026-04-28T18:31:54+00:00
https://congruent.io,200,https://congruent.io,2026-04-28T18:31:54+00:00
https://enchanted.tools,200,https://enchanted.tools,2026-04-28T18:31:54+00:00
https://endoquestrobotics.com,200,https://endoquestrobotics.com,2026-04-28T18:31:54+00:00
https://endoxai.com,200,https://www.endoxai.com/,2026-04-28T18:31:54+00:00
https://theaiinsider.tech/2025/07/21/chinas-engineai-raises-139-million-in-fresh-funding-for-humanoid-robots/,200,https://theaiinsider.tech/2025/07/21/chinas-engineai-raises-139-million-in-fresh-funding-for-humanoid-robots/,2026-04-28T18:31:55+00:00
https://techcrunch.com/2025/10/16/general-intuition-lands-134m-seed-to-teach-agents-spatial-reasoning-using-video-game-clips/,200,https://techcrunch.com/2025/10/16/general-intuition-lands-134m-seed-to-teach-agents-spatial-reasoning-using-video-game-clips/,2026-04-28T18:31:54+00:00
https://www.ycombinator.com/launches/MyN-general-trajectory-reasoning-models-for-robotics,200,https://www.ycombinator.com/launches/MyN-general-trajectory-reasoning-models-for-robotics,2026-04-28T18:31:54+00:00
https://www.ycombinator.com/companies/general-trajectory,200,https://www.ycombinator.com/companies/general-trajectory,2026-04-28T18:31:54+00:00
https://news.ycombinator.com/item?id=46515259,200,https://news.ycombinator.com/item?id=46515259,2026-04-28T18:31:55+00:00
https://habitrobotics.com,200,https://www.habitrobotics.com/,2026-04-28T18:31:55+00:00
https://www.ycombinator.com/companies/habit,200,https://www.ycombinator.com/companies/habit,2026-04-28T18:31:54+00:00
https://blogs.nvidia.com/blog/hexagon-robotics-ai-software-aeon-humanoid/,200,https://blogs.nvidia.com/blog/hexagon-robotics-ai-software-aeon-humanoid/,2026-04-28T18:31:54+00:00
https://thehumanoid.ai,200,https://thehumanoid.ai,2026-04-28T18:31:55+00:00
https://thehumanoid.ai/careers,200,https://thehumanoid.ai/careers/,2026-04-28T18:31:55+00:00
https://humblerobotics.ai/careers,200,https://humblerobotics.ai/careers,2026-04-28T18:31:54+00:00
https://humblerobotics.ai,200,https://humblerobotics.ai,2026-04-28T18:31:54+00:00
https://labyrinthai.co/,200,https://labyrinthai.co/,2026-04-28T18:31:54+00:00
https://www.mimicrobotics.com/careers,200,https://www.mimicrobotics.com/careers,2026-04-28T18:31:54+00:00
https://mimic-video.github.io/,200,https://mimic-video.github.io/,2026-04-28T18:31:54+00:00
https://www.mimicrobotics.com/,200,https://www.mimicrobotics.com/,2026-04-28T18:31:54+00:00
https://www.neuracore.com/,200,https://www.neuracore.com/,2026-04-28T18:31:55+00:00
https://neuracore.com/careers,200,https://www.neuracore.com/careers,2026-04-28T18:31:55+00:00
https://huggingface.co/NeuraCore,200,https://huggingface.co/NeuraCore,2026-04-28T18:31:55+00:00
https://www.noblemachines.ai/,200,https://www.noblemachines.ai/,2026-04-28T18:31:54+00:00
https://noetixrobotics.com/en,200,https://noetixrobotics.com/en,2026-04-28T18:31:55+00:00
https://nuro.ai/careers,200,https://www.nuro.ai/careers,2026-04-28T18:31:55+00:00
https://nuro.ai/,200,https://www.nuro.ai/,2026-04-28T18:31:55+00:00
https://www.linkedin.com/posts/zehanwang_we-have-started-paddington-robotics-with-activity-7392501768754155520-txn2,200,https://www.linkedin.com/posts/zehanwang_we-have-started-paddington-robotics-with-activity-7392501768754155520-txn2,2026-04-28T18:31:55+00:00
https://www.7pc.vc/portfolio/paddington-robotics,200,https://www.7pc.vc/portfolio/paddington-robotics,2026-04-28T18:31:55+00:00
https://jobs.ashbyhq.com/periodic-labs,200,https://jobs.ashbyhq.com/periodic-labs,2026-04-28T18:31:55+00:00
https://periodic.com/,200,https://periodic.com/,2026-04-28T18:31:55+00:00
https://proception.ai,200,https://www.proception.ai/,2026-04-28T18:31:55+00:00
https://www.ycombinator.com/companies/proception-inc,200,https://www.ycombinator.com/companies/proception-inc,2026-04-28T18:31:55+00:00
https://www.rainbow-robotics.com,200,https://www.rainbow-robotics.com/en_main?_l=en,2026-04-28T18:31:56+00:00
https://redcat.red/,200,https://redcat.red/,2026-04-28T18:31:55+00:00
https://redcat.red/careers,200,https://redcat.red/careers/,2026-04-28T18:31:55+00:00
https://app.rigyd.com,200,https://app.rigyd.com,2026-04-28T18:31:55+00:00
https://eu.36kr.com/en/p/3604613279237380,200,https://eu.36kr.com/en/p/3604613279237380,2026-04-28T18:31:55+00:00
https://servo7.com,200,https://servo7.com,2026-04-28T18:31:55+00:00
https://www.sharpa.com/blogs/news/sharpa-aims-to-manufacture-time-via-its-craftnet-vtla-model-and-stuns-ces-2026-with-live-autonomous-demos-for-fine-manipulation,200,https://www.sharpa.com/blogs/news/sharpa-aims-to-manufacture-time-via-its-craftnet-vtla-model-and-stuns-ces-2026-with-live-autonomous-demos-for-fine-manipulation,2026-04-28T18:31:55+00:00
https://www.sharpa.com/pages/careers,200,https://www.sharpa.com/pages/careers,2026-04-28T18:31:55+00:00
https://www.sharpa.com,200,https://www.sharpa.com,2026-04-28T18:31:55+00:00
https://www.prnewswire.com/news-releases/sharpa-aims-to-manufacture-time-via-its-craftnet-vtla-model-and-stuns-ces-2026-with-live-autonomous-demos-for-fine-manipulation-302664262.html,200,https://www.prnewswire.com/news-releases/sharpa-aims-to-manufacture-time-via-its-craftnet-vtla-model-and-stuns-ces-2026-with-live-autonomous-demos-for-fine-manipulation-302664262.html,2026-04-28T18:31:55+00:00
https://sitegeist-robotics.com,200,https://sitegeist-robotics.com,2026-04-28T18:31:55+00:00
https://synthium.xyz/,200,https://www.synthium.xyz/,2026-04-28T18:31:55+00:00
https://synthium.xyz/careers,200,https://www.synthium.xyz/careers,2026-04-28T18:31:55+00:00
https://www.therobotreport.com/the-bot-company-led-by-kyle-vogt-brings-in-another-150m/,200,https://www.therobotreport.com/the-bot-company-led-by-kyle-vogt-brings-in-another-150m/,2026-04-28T18:31:55+00:00
https://simplify.jobs/p/504abd6f-8852-4194-8f8d-20d7fd845e0f/Machine-Learning-Multimodal-Foundation-Models,200,https://simplify.jobs/p/504abd6f-8852-4194-8f8d-20d7fd845e0f/Machine-Learning-Multimodal-Foundation-Models,2026-04-28T18:31:55+00:00
https://simplify.jobs/p/2a6c8b48-2eff-425a-8d6e-7cd518a4ed80/Machine-Learning-Whole-Body-Control,200,https://simplify.jobs/p/2a6c8b48-2eff-425a-8d6e-7cd518a4ed80/Machine-Learning-Whole-Body-Control,2026-04-28T18:31:55+00:00
https://robot-learning.co/,200,https://www.robot-learning.co/,2026-04-28T18:31:55+00:00
https://jobs.ashbyhq.com/robot-learning-co,200,https://jobs.ashbyhq.com/robot-learning-co,2026-04-28T18:31:55+00:00
https://www.thinkingrobots.ai/,200,https://www.thinkingrobots.ai/,2026-04-28T18:31:55+00:00
https://www.tp7.ai/,200,https://tp7.ai/,2026-04-28T18:31:55+00:00
https://finance.yahoo.com/news/trener-robotics-raises-32m-series-150000495.html,200,https://finance.yahoo.com/news/trener-robotics-raises-32m-series-150000495.html,2026-04-28T18:31:55+00:00
https://ultra.tech/,200,https://www.ultra.tech/,2026-04-28T18:31:55+00:00
https://vernerobotics.com/,200,https://www.vernerobotics.com/,2026-04-28T18:31:55+00:00
https://www.xyzrobotics.com/,200,https://www.xyzrobotics.com/,2026-04-28T18:31:56+00:00
https://yondu.ai/,200,https://www.yondu.ai/,2026-04-28T18:31:55+00:00
https://www.zeonsystems.ai/,200,https://www.zeonsystems.ai/,2026-04-28T18:31:55+00:00
https://www.zeonsystems.ai/careers,200,https://www.zeonsystems.ai/careers,2026-04-28T18:31:55+00:00
https://www.linkedin.com/in/andy-barry/,BOTBLOCK_OK:999,https://www.linkedin.com/in/andy-barry/,2026-04-28T18:31:55+00:00
https://www.linkedin.com/in/ekdelange/,BOTBLOCK_OK:999,https://www.linkedin.com/in/ekdelange/,2026-04-28T18:31:55+00:00
https://www.linkedin.com/in/pariljain/,BOTBLOCK_OK:999,https://www.linkedin.com/in/pariljain/,2026-04-28T18:31:55+00:00
https://www.linkedin.com/in/jagdeep-singh-3b2a9222,BOTBLOCK_OK:999,https://www.linkedin.com/in/jagdeep-singh-3b2a9222,2026-04-28T18:31:55+00:00
https://www.linkedin.com/in/dave-ferguson-565b974,BOTBLOCK_OK:999,https://www.linkedin.com/in/dave-ferguson-565b974,2026-04-28T18:31:55+00:00
https://uk.linkedin.com/in/jarad-cannon,BOTBLOCK_OK:999,https://uk.linkedin.com/in/jarad-cannon,2026-04-28T18:31:55+00:00
https://www.linkedin.com/in/eyal-cohen-humble/,BOTBLOCK_OK:999,https://www.linkedin.com/in/eyal-cohen-humble/,2026-04-28T18:31:55+00:00
https://www.linkedin.com/in/william-liam-fedus-26547811/,BOTBLOCK_OK:999,https://www.linkedin.com/in/william-liam-fedus-26547811/,2026-04-28T18:31:55+00:00
https://www.linkedin.com/posts/william-liam-fedus-26547811_today-ekin-dogus-cubuk-and-i-are-excited-activity-7378821113667227649-v8QQ,200,https://www.linkedin.com/posts/william-liam-fedus-26547811_today-ekin-dogus-cubuk-and-i-are-excited-activity-7378821113667227649-v8QQ,2026-04-28T18:31:56+00:00
https://www.linkedin.com/in/genkisano/,BOTBLOCK_OK:429,https://www.linkedin.com/in/genkisano/,2026-04-28T18:31:55+00:00
https://www.linkedin.com/in/elvisnava/,BOTBLOCK_OK:999,https://www.linkedin.com/in/elvisnava/,2026-04-28T18:31:55+00:00
https://www.elvisnava.com/posts/2026_01_06_video_backbones/,200,https://www.elvisnava.com/posts/2026_01_06_video_backbones/,2026-04-28T18:31:55+00:00
https://www.sainingxie.com/,200,https://www.sainingxie.com/,2026-04-28T18:31:55+00:00
https://www.linkedin.com/in/pimdw,BOTBLOCK_OK:999,https://www.linkedin.com/in/pimdw,2026-04-28T18:31:55+00:00
https://de.linkedin.com/in/zhaopeng-chen-b82804100,BOTBLOCK_OK:429,https://de.linkedin.com/in/zhaopeng-chen-b82804100,2026-04-28T18:31:55+00:00
https://www.agile-robots.com/en/news/detail/agile-robots-and-google-deepmind-partner-to-bring-intelligence-to-robotics/,200,https://www.agile-robots.com/en/news/detail/agile-robots-and-google-deepmind-partner-to-bring-intelligence-to-robotics/,2026-04-28T18:31:56+00:00
https://www.linkedin.com/in/richard-wurden/,BOTBLOCK_OK:999,https://www.linkedin.com/in/richard-wurden/,2026-04-28T18:31:55+00:00
https://aws.amazon.com/blogs/architecture/how-aigen-transformed-agricultural-robotics-for-sustainable-farming-with-amazon-sagemaker-ai/,200,https://aws.amazon.com/blogs/architecture/how-aigen-transformed-agricultural-robotics-for-sustainable-farming-with-amazon-sagemaker-ai/,2026-04-28T18:31:55+00:00
https://www.linkedin.com/in/kiyoung-song-769605b3/,BOTBLOCK_OK:999,https://www.linkedin.com/in/kiyoung-song-769605b3/,2026-04-28T18:31:55+00:00
https://www.humanoidsdaily.com/feed/holiday-robotics-unveils-friday-a-wheeled-humanoid-that-prioritizes-hands-over-legs,200,https://www.humanoidsdaily.com/news/holiday-robotics-unveils-friday-a-wheeled-humanoid-that-prioritizes-hands-over-legs,2026-04-28T18:31:55+00:00
https://www.linkedin.com/in/vibhorsood/,BOTBLOCK_OK:429,https://www.linkedin.com/in/vibhorsood/,2026-04-28T18:31:55+00:00
https://www.linkedin.com/in/lars-tingelstad-9b45674/,BOTBLOCK_OK:999,https://www.linkedin.com/in/lars-tingelstad-9b45674/,2026-04-28T18:31:55+00:00
https://www.businesswire.com/news/home/20260210315522/en/Trener-Robotics-raises-$32M-Series-A-to-bring-Physical-Intelligence-to-Industrial-Automation-Providing-a-Foundational-Intelligence-Layer-that-Enables-Software-Defined-Control-of-Robots,BOTBLOCK_OK:403,https://www.businesswire.com/news/home/20260210315522/en/Trener-Robotics-raises-$32M-Series-A-to-bring-Physical-Intelligence-to-Industrial-Automation-Providing-a-Foundational-Intelligence-Layer-that-Enables-Software-Defined-Control-of-Robots,2026-04-28T18:31:55+00:00
https://www.linkedin.com/in/stepjam/,BOTBLOCK_OK:999,https://www.linkedin.com/in/stepjam/,2026-04-28T18:31:55+00:00
https://x.com/stepjamUK/status/2036825869117772238,200,https://x.com/stepjamUK/status/2036825869117772238,2026-04-28T18:31:55+00:00
https://www.linkedin.com/in/varun-krishnan-653139a4/,BOTBLOCK_OK:999,https://www.linkedin.com/in/varun-krishnan-653139a4/,2026-04-28T18:31:55+00:00
https://www.linkedin.com/in/dotan-asselmann/,BOTBLOCK_OK:999,https://www.linkedin.com/in/dotan-asselmann/,2026-04-28T18:31:55+00:00
https://www.linkedin.com/in/joshua-belofsky-25328523b/,BOTBLOCK_OK:999,https://www.linkedin.com/in/joshua-belofsky-25328523b/,2026-04-28T18:31:55+00:00
https://www.linkedin.com/posts/joshua-belofsky-25328523b_general-trajectory-update-3-introducing-activity-7442624690684153856-0BGx,200,https://www.linkedin.com/signup/cold-join?session_redirect=https%3A%2F%2Fwww%2Elinkedin%2Ecom%2Ffeed%2Fupdate%2Furn%3Ali%3Aactivity%3A7442624690684153856,2026-04-28T18:31:55+00:00
https://www.therobotreport.com/bmw-piloting-hexagons-wheeled-humanoid-in-germany/,200,https://www.therobotreport.com/bmw-piloting-hexagons-wheeled-humanoid-in-germany/,2026-04-28T18:31:55+00:00
https://robotics.hexagon.com/bmw-deploys-aeon-hexagon-robotics-humanoid/,BOTBLOCK_OK:403,https://robotics.hexagon.com/bmw-deploys-aeon-hexagon-robotics-humanoid/,2026-04-28T18:31:55+00:00
https://techcrunch.com/2023/07/06/softbank-backs-japanese-robotics-startup-telexistence-in-170m-funding-round/,200,https://techcrunch.com/2023/07/06/softbank-backs-japanese-robotics-startup-telexistence-in-170m-funding-round/,2026-04-28T18:31:55+00:00
https://tx-inc.com/en/blog/2023/07/06/12082/,200,https://tx-inc.com/en/blog/2023/07/06/12082/,2026-04-28T18:31:56+00:00
https://news.crunchbase.com/robotics/softbank-venture-artificial-intelligence-telexistence/,BOTBLOCK_OK:403,https://news.crunchbase.com/robotics/softbank-venture-artificial-intelligence-telexistence/,2026-04-28T18:31:55+00:00
https://boldstart.vc/companies/generalist/,200,https://boldstart.vc/companies/generalist/,2026-04-28T18:31:55+00:00
https://www.linkedin.com/in/andyzenglinked/,BOTBLOCK_OK:999,https://www.linkedin.com/in/andyzenglinked/,2026-04-28T18:31:55+00:00
https://www.therobotreport.com/rhoda-ai-exits-stealth-with-450m-to-train-robots-from-video/,200,https://www.therobotreport.com/rhoda-ai-exits-stealth-with-450m-to-train-robots-from-video/,2026-04-28T18:31:55+00:00
https://siliconangle.com/2026/03/10/rhoda-ai-raises-450m-build-foundational-robotics-models-learn-internet-videos/,200,https://siliconangle.com/2026/03/10/rhoda-ai-raises-450m-build-foundational-robotics-models-learn-internet-videos/,2026-04-28T18:31:55+00:00
https://techcrunch.com/2024/09/11/nuro-pivots-to-license-self-driving-tech-to-carmakers-mobility-companies/,200,https://techcrunch.com/2024/09/11/nuro-pivots-to-license-self-driving-tech-to-carmakers-mobility-companies/,2026-04-28T18:31:55+00:00
https://thehumanoid.ai/about-us/,200,https://thehumanoid.ai/about-us/,2026-04-28T18:31:55+00:00
https://www.freightwaves.com/news/humble-hauler-cabless-autonomous-truck,BOTBLOCK_OK:403,https://www.freightwaves.com/news/humble-hauler-cabless-autonomous-truck,2026-04-28T18:31:55+00:00
https://hoxtonventures.com/founder-spotlight-kacper-nowicki-nomagic/,BOTBLOCK_OK:403,https://hoxtonventures.com/founder-spotlight-kacper-nowicki-nomagic/,2026-04-28T18:31:55+00:00
https://huggingface.co/pollen-robotics,200,https://huggingface.co/pollen-robotics,2026-04-28T18:31:55+00:00
https://techcrunch.com/2025/04/14/hugging-face-buys-a-humanoid-robotics-startup/,200,https://techcrunch.com/2025/04/14/hugging-face-buys-a-humanoid-robotics-startup/,2026-04-28T18:31:56+00:00
