company_id,company_name,domain,origins,source_count,primary_source_type,primary_source_url,primary_source_quote,all_sources,notes
c088,Chef Robotics,chefrobotics.ai,1b|1c,3,vc_portfolio,https://www.constructcap.com/portfolio,Automates food production,https://www.constructcap.com/portfolio;https://www.therobotreport.com/rbr50-2025/;https://www.chefrobotics.ai/post/weve-raised-43-1m-to-accelerate-our-ai-enabled-robot-deployments,Construct Capital portfolio | Food production | Food assembly robotics SF
c091,Bedrock Robotics,bedrockrobotics.com,1b|1c,2,vc_portfolio,https://8vc.com/companies,automating specialized heavy equipment in the construction and earth-moving sectors,https://8vc.com/companies;https://www.constructiondive.com/news/bedrock-robotics-raise-ai-automation-funding/811982/,8VC portfolio - construction autonomy | Ex-Waymo founders construction equipment autonomy
c125,Beewise,beewise.ag,1b|1c,2,rbr50,https://www.therobotreport.com/rbr50-2025/,RBR50 Robotics Innovation Awards 2025 winner,https://www.therobotreport.com/rbr50-2025/;https://agfundernews.com/from-experimentation-to-impact-farm-robotics-top-fundraises-in-2025,Autonomous beehive robotics | Robotic beehive Israeli ag
c116,Carbon Robotics,carbonrobotics.com,1b|1c,2,vc_portfolio,https://agfundernews.com/brief-nvidias-venture-arm-invests-in-autonomous-weeding-startup-carbon-robotics,autonomous laser-weeding platform for specialty crops,https://agfundernews.com/brief-nvidias-venture-arm-invests-in-autonomous-weeding-startup-carbon-robotics;https://newmarketpitch.com/blogs/news/robotics-funding-analysis,NVentures-backed - ag robotics | AI computer vision laser weed elimination
c099,Collaborative Robotics,co.bot,1b,2,vc_portfolio,https://www.sequoiacap.com/our-companies/,backed by Sequoia Capital General Catalyst Khosla Ventures,https://www.sequoiacap.com/our-companies/;https://www.therobotreport.com/rbr50-2025/,Sequoia/Khosla-backed mobile cobot | Mobile cobot
c025,Cortex AI,cortexrobot.ai,1a|1c,2,gh_fork,https://github.com/cortexairobot,Isaac-GR00T and LeRobot dataset visualizer for robot learning,https://github.com/cortexairobot;https://www.startus-insights.com/innovators-guide/embodied-ai-startups/,US; Isaac-GR00T + LeRobot forks | Egocentric data for robotics foundation models
c001,D-Robotics,d-robotics.cc,1a|1c,2,gh_fork,https://github.com/D-Robotics/openpi,Add x86 server and training config based official openpi,https://github.com/D-Robotics/openpi;https://www.therobotreport.com/galbot-brings-in-300m-to-scale-mobile-manipulator-deployments/,China; RDK robotics development kits and ROS2 systems | Hardware/software infrastructure for consumer robots
c107,Dexterity,dexterity.ai,1b,2,vc_portfolio,https://a16z.com/portfolio/,Designs autonomous robots for warehousing and supply chains,https://a16z.com/portfolio/;https://www.therobotreport.com/rbr50-2024/,a16z portfolio - warehouse manipulation | Warehouse manipulation
c081,FieldAI,fieldai.com,1b|1c,2,vc_portfolio,https://www.khoslaventures.com/portfolio/,Transforming industries through on-edge robotic autonomy,https://www.khoslaventures.com/portfolio/;https://techcrunch.com/2025/08/20/fieldai-raises-405m-to-build-universal-robot-brains/,Khosla portfolio - foundation models for robotics | Foundational embodied AI models for any robot
c117,Flexion,flexion.ai,1b|1c,2,vc_portfolio,https://blogs.nvidia.com/blog/nvidia-investments/,applying these same techniques at scale to deploy robots in real-world environments,https://blogs.nvidia.com/blog/nvidia-investments/;https://news.crunchbase.com/venture/robotic-brain-building-startup-flexion-raise/,NVentures-backed | Synthetic data physics simulations robot brain
c005,HEBI Robotics,hebirobotics.com,1a|1b,2,gh_fork,https://github.com/HebiRobotics,LeRobot Making AI for Robotics more accessible,https://github.com/HebiRobotics;https://www.therobotreport.com/rbr50-2025/,United States; APIs for customizable robots | Modular robotics components/SDKs
c139,LimX Dynamics,limxdynamics.com,1b|1c,2,rbr50,https://www.therobotreport.com/rbr50-2025/,RBR50 Robotics Innovation Awards 2025 winner,https://www.therobotreport.com/rbr50-2025/;https://blog.robozaps.com/b/humanoid-robot-companies,Humanoid/quadruped maker | JD.com investor humanoid bipedal
c029,mbodi ai,mbodi.ai,1a|1b,2,gh_fork,https://github.com/mbodiai,Continual Learning for Embodied Agents; embodied-agents,https://github.com/mbodiai;https://www.therobotreport.com/rbr50-2025/,United States; LeRobot fork | Embodied AI agent platform
c114,Mind Robotics,mindrobotics.com,1b|1c,2,vc_portfolio,https://a16z.com/announcement/investing-in-mind-robotics/,building an industrial robotics platform from the ground up,https://a16z.com/announcement/investing-in-mind-robotics/;https://techcrunch.com/2026/03/11/rivian-mind-robotics-series-a-500m-fund-raise-industrial-ai-powered-robots/,a16z + Accel co-led $500M Series A | Rivian spin-out for industrial AI robots
c142,Mytra,mytra.ai,1b|1c,2,rbr50,https://www.therobotreport.com/rbr50-2025/,3D lattice storage system that maximizes density,https://www.therobotreport.com/rbr50-2025/;https://mytra.ai/news/mytra-raises-120m-series-c,Warehouse storage robotics; RBR50 Startup of the Year | Warehouse AI material handling platform
c058,Nomagic,nomagic.ai,1a|1b,2,gh_fork,https://github.com/nomagiclab/openvla,OpenVLA an open-source vision-language-action model,https://github.com/nomagiclab/openvla;https://www.khoslaventures.com/portfolio/,Poland; warehouse picking Physical AI | Khosla portfolio - warehouse manipulation
c011,Opentrons,opentrons.com,1a|1b,2,gh_fork,https://github.com/Opentrons,Lab robots for Biologists,https://github.com/Opentrons;https://www.khoslaventures.com/portfolio/,United States; lab automation; LeRobot fork | Khosla portfolio - lab automation
c144,Pickle Robot,picklerobot.com,1b|1c,2,rbr50,https://www.therobotreport.com/rbr50-2025/,Pickle Robot unloads more than 1.5M lb of Randa apparel,https://www.therobotreport.com/rbr50-2025/;https://www.globenewswire.com/news-release/2025/06/24/3104110/0/en/Pickle-Robot-Hires-New-VP-of-Engineering-Adding-50-New-Engineers-by-September-as-Warehouse-Robotics-Demand-Surges.html,Trailer unloading manipulation | Truck unloading warehouse robotics
c094,Saronic,saronic.com,1b|1c,2,vc_portfolio,https://8vc.com/companies,unmanned surface vehicles that enable maritime security,https://8vc.com/companies;https://www.businessstory.org/2026/03/31/autonomous-vessel-startup-saronic-secures-1-75-billion-in-competition-to-upgrade-u-s-armed-forces/,8VC portfolio - maritime USVs | Autonomous surface vessels naval
c172,Sereact,sereact.ai,1b|1c,2,rbr50,https://www.therobotreport.com/rbr50-2024/,RBR50 Robotics Innovation Awards 2024 winner,https://www.therobotreport.com/rbr50-2024/;https://theaiinsider.tech/2026/04/27/sereact-raises-110m-in-series-b-funding-to-expand-warehouse-robotics-platform/,Pick-and-place AI software | Cortex 2.0 warehouse robotics platform Germany
c100,Shield AI,shield.ai,1b|1c,2,vc_portfolio,https://a16z.com/american-dynamism-50-2025/,Enables military drones and aircraft to operate autonomously,https://a16z.com/american-dynamism-50-2025/;https://techcrunch.com/2025/03/06/shield-ai-raises-240-million-at-a-5-3-billion-valuation-to-commercialize-its-ai-drone-tech/,a16z American Dynamism 50 | Hivemind autonomy stack across drones aircraft
c199,4AG Robotics,4agrobotics.com,1c,1,funding_news,https://newmarketpitch.com/blogs/news/robotics-funding-analysis,$29M Series B Jul 2025 autonomous mushroom harvesting,https://newmarketpitch.com/blogs/news/robotics-funding-analysis,British Columbia mushroom picking trimming
c123,ABB Robotics,abb.com,1b,1,rbr50,https://www.therobotreport.com/rbr50-2025/,RBR50 Robotics Innovation Awards 2025 winner,https://www.therobotreport.com/rbr50-2025/,Industrial robot maker
c154,Advanced Construction Robotics,constructionrobots.com,1b,1,rbr50,https://www.therobotreport.com/rbr50-2024/,RBR50 Robotics Innovation Awards 2024 winner,https://www.therobotreport.com/rbr50-2024/,Construction rebar robots
c104,Aerodome,aerodome.com,1b,1,vc_portfolio,https://a16z.com/portfolio/,Deploys automated video-equipped drones for emergency response,https://a16z.com/portfolio/,a16z portfolio - public safety drones
c228,AgiBot,agibot.com,1c,1,humanoid_tracker,https://www.scmp.com/tech/tech-trends/article/3307356/chinas-humanoid-robot-sector-enters-mass-production-unitree-agibot-among-pack,mass production with Unitree among pack JD.com investor,https://www.scmp.com/tech/tech-trends/article/3307356/chinas-humanoid-robot-sector-enters-mass-production-unitree-agibot-among-pack,Shanghai Zhiyuan humanoid
c209,Agreenculture,agreenculture.net,1c,1,funding_news,https://newmarketpitch.com/blogs/news/robotics-funding-analysis,$7.1M Series A Dec 2025,https://newmarketpitch.com/blogs/news/robotics-funding-analysis,Agricultural autonomy France
c072,AI Foundry,aifoundry.org,1a,1,gh_fork,https://github.com/aifoundry-org,Open ecosystem of shareable building blocks; LeRobot fork,https://github.com/aifoundry-org,United States
c026,Almond,almond.bot,1a,1,gh_fork,https://github.com/almond-bot,Robotic manipulation Axol IK solver and Axol-VR teleoperation,https://github.com/almond-bot,United States; LeRobot fork
c155,Ambi Robotics,ambirobotics.com,1b,1,rbr50,https://www.therobotreport.com/rbr50-2024/,RBR50 Robotics Innovation Awards 2024 winner,https://www.therobotreport.com/rbr50-2024/,Parcel sortation manipulation
c097,AMP Robotics,amprobotics.com,1b,1,vc_portfolio,https://www.sequoiacap.com/our-companies/,changing the face of recycling with high-speed guided robotics,https://www.sequoiacap.com/our-companies/,Sequoia portfolio - recycling robots
c084,Anduril,anduril.com,1b,1,vc_portfolio,https://www.luxcapital.com/companies,A new kind of defense company,https://www.luxcapital.com/companies,Lux portfolio - autonomous defense systems
c220,Anvil Robotics,anvilrobotics.com,1c,1,funding_news,https://news.crunchbase.com/robotics/physical-ai-custom-robot-builder-seed-funding-anvil/,$5.5M seed April 2026 Legos for robots modular,https://news.crunchbase.com/robotics/physical-ai-custom-robot-builder-seed-funding-anvil/,Modular custom robot platform Taiwan
c085,Applied Intuition,appliedintuition.com,1b,1,vc_portfolio,https://www.luxcapital.com/companies,powering the future of physical AI building tools and infrastructure,https://www.luxcapital.com/companies,Lux portfolio - autonomy software
c061,ARTEFACTS,artefacts.com,1a,1,gh_fork,https://github.com/art-e-fact,Isaac GR00T fork - cloud robotics simulation testing platform,https://github.com/art-e-fact,Japan
c124,Asensus Surgical,asensus.com,1b,1,rbr50,https://www.therobotreport.com/rbr50-2025/,RBR50 Robotics Innovation Awards 2025 winner,https://www.therobotreport.com/rbr50-2025/,Surgical robotics
c067,Astria,astria.ai,1a,1,gh_fork,https://github.com/astriaai,Stable Diffusion fine-tuning Dreambooth; LeRobot fork,https://github.com/astriaai,LeRobot fork
c211,Asylon,asylonrobotics.com,1c,1,funding_news,https://newmarketpitch.com/blogs/news/robotics-funding-analysis,$24M Series B Jul 2025,https://newmarketpitch.com/blogs/news/robotics-funding-analysis,Drone-based perimeter security
c102,Atomic Industries,atomic.industries,1b,1,vc_portfolio,https://a16z.com/american-dynamism-50-2025/,Modernizes tool and die manufacturing using AI-driven automation,https://a16z.com/american-dynamism-50-2025/,a16z American Dynamism 50
c093,Augment,augment.com,1b,1,vc_portfolio,https://8vc.com/portfolio/,building fully autonomous AI assistants for the logistics industry,https://8vc.com/portfolio/,8VC portfolio - logistics autonomy
c221,Augmentus,augmentus.tech,1c,1,funding_news,https://www.therobotreport.com/top-10-robotics-developments-of-july-2025/,$11M Series A+ no-code robotics solutions,https://www.therobotreport.com/top-10-robotics-developments-of-july-2025/,No-code robotics for manufacturers
c122,Augury,augury.com,1b,1,vc_portfolio,https://eclipse.capital/portfolio/,providing machine health insights,https://eclipse.capital/portfolio/,Eclipse Ventures portfolio - industrial AI
c098,Aurora,aurora.tech,1b,1,vc_portfolio,https://www.sequoiacap.com/our-companies/,delivers the benefits of self-driving technology safely and efficiently,https://www.sequoiacap.com/our-companies/,Sequoia portfolio - autonomous trucking
c060,Aurorain,,1a,1,gh_fork,https://github.com/aurorain-ai,Data-centric AI engineering platform; LeRobot fork,https://github.com/aurorain-ai,United States
c244,Avidbots,avidbots.com,1c,1,industry_news,https://avidbots.com/,autonomous floor cleaning commercial floor scrubber,https://avidbots.com/,Neo cleaning robot
c023,BAAI,baai.ac.cn,1a,1,hf_model_card,https://huggingface.co/BAAI/RoboBrain2.0-7B,RoboBrain2.0 series VLA models 3B 7B 32B,https://huggingface.co/BAAI/RoboBrain2.0-7B,Beijing Academy of AI; commercial-adjacent foundation
c035,Binabik,binabik.ai,1a,1,gh_fork,https://github.com/binabik-ai,Building the foundations of Agentic Physical AI,https://github.com/binabik-ai,Switzerland; Isaac-GR00T fork
c204,Bonsai Robotics,bonsairobotics.ai,1c,1,industry_news,https://agfundernews.com/from-experimentation-to-impact-farm-robotics-top-fundraises-in-2025,orchard automation specialist top farm robotics fundraises,https://agfundernews.com/from-experimentation-to-impact-farm-robotics-top-fundraises-in-2025,Orchard automation acquired farm-ng
c243,Brain Corp,braincorp.com,1c,1,industry_news,https://www.vanguardsv.com/2025/08/the-future-of-janitorial-services-robotics-ai-and-automation/,Tennant invested $32M next-gen AI autonomous navigation,https://www.vanguardsv.com/2025/08/the-future-of-janitorial-services-robotics-ai-and-automation/,Cleaning robotics autonomy SaaS
c115,Bright Machines,brightmachines.com,1b,1,vc_portfolio,https://blogs.nvidia.com/blog/nvidia-investments/,smart robotics and AI-driven software startup,https://blogs.nvidia.com/blog/nvidia-investments/,NVentures-backed - electronics assembly
c156,Brightpick,brightpick.com,1b,1,rbr50,https://www.therobotreport.com/rbr50-2024/,Autopicker is the first commercially available AMR that can pick,https://www.therobotreport.com/rbr50-2024/,Warehouse picking AMR; 2024 Application of the Year
c105,Built Robotics,builtrobotics.com,1b,1,vc_portfolio,https://a16z.com/portfolio/,Transforms commercial excavators into autonomous trenching robots,https://a16z.com/portfolio/,a16z portfolio - construction autonomy
c157,Capra Robotics,caprarobotics.com,1b,1,rbr50,https://www.therobotreport.com/rbr50-2024/,RBR50 Robotics Innovation Awards 2024 winner,https://www.therobotreport.com/rbr50-2024/,Outdoor mobile robots
c192,Capstan Medical,capstanmedical.com,1c,1,industry_news,https://www.therobotreport.com/10-surgical-robotics-companies-follow-2025/,Capstan Platform mentioned in 10 surgical robotics to watch,https://www.therobotreport.com/10-surgical-robotics-companies-follow-2025/,Cardiac mitral valve repair surgical robot
c096,Chaos Industries,chaosindustries.com,1b,1,vc_portfolio,https://8vc.com/companies,mission-driven world-class engineers solving critical defense and industrial problems,https://8vc.com/companies,8VC portfolio - defense electronics
c246,Civ Robotics,civrobotics.com,1c,1,funding_news,https://roboticsandautomationnews.com/2025/07/01/civ-robotics-secures-7-5-million-to-power-robot-led-surveying/92478/,$7.5M Series A autonomous surveying renewable solar,https://roboticsandautomationnews.com/2025/07/01/civ-robotics-secures-7-5-million-to-power-robot-led-surveying/92478/,CivDots construction surveying robot
c126,Clearpath Robotics,clearpathrobotics.com,1b,1,rbr50,https://www.therobotreport.com/rbr50-2025/,Clearpath Robotics by Rockwell Automation,https://www.therobotreport.com/rbr50-2025/,Mobile research robots
c232,Clone Robotics,clonerobotics.com,1c,1,humanoid_tracker,https://blog.robozaps.com/b/humanoid-robot-companies,Warsaw Poland muscle-powered humanoid,https://blog.robozaps.com/b/humanoid-robot-companies,Synthetic muscle humanoid
c190,CMR Surgical,cmrsurgical.com,1c,1,funding_news,https://www.eu-startups.com/2025/04/more-than-just-a-robot-surgical-robotics-company-cmr-surgical-secures-over-e185-million/,€185M April 2025 equity and debt soft-tissue surgical robot,https://www.eu-startups.com/2025/04/more-than-just-a-robot-surgical-robotics-company-cmr-surgical-secures-over-e185-million/,Cambridge Versius surgical robot
c077,Codeflash,codeflash.ai,1a,1,gh_fork,https://github.com/codeflash-ai,Codeflash LeRobot fork,https://github.com/codeflash-ai,United States
c127,Cognibotics,cognibotics.com,1b,1,rbr50,https://www.therobotreport.com/rbr50-2025/,RBR50 Robotics Innovation Awards 2025 winner,https://www.therobotreport.com/rbr50-2025/,Industrial arms with kinematics IP
c106,Covariant,covariant.ai,1b,1,vc_portfolio,https://a16z.com/portfolio/,Builds universal AI for robotic automation in warehousing,https://a16z.com/portfolio/,a16z portfolio - manipulation foundation models
c034,Cybernetic Physics,cyberneticphysics.com,1a,1,gh_fork,https://github.com/cybernetic-physics,Physical AI development platform Isaac Lab in the cloud,https://github.com/cybernetic-physics,LeRobot fork
c128,cyngn,cyngn.com,1b,1,rbr50,https://www.therobotreport.com/rbr50-2025/,RBR50 Robotics Innovation Awards 2025 winner,https://www.therobotreport.com/rbr50-2025/,Industrial autonomous vehicles
c063,DART Labs,,1a,1,gh_fork,https://github.com/dart-labs-inc,DART-GR00T fork of NVIDIA Isaac GR00T N1.5,https://github.com/dart-labs-inc,Isaac-GR00T fork
c235,DEEP Robotics,deeprobotics.cn,1c,1,humanoid_tracker,https://blog.robozaps.com/b/humanoid-robot-companies,Hangzhou China legged robots quadruped DR01 humanoid,https://blog.robozaps.com/b/humanoid-robot-companies,Quadruped industrial inspection
c248,Diligent Robotics,diligentrobots.com,1c,1,industry_news,https://pitchbook.com/profiles/company/161562-79,raised $101M total Moxi hospital service robot,https://pitchbook.com/profiles/company/161562-79,Healthcare service robot
c191,Distalmotion,distalmotion.com,1c,1,funding_news,https://newmarketpitch.com/blogs/news/robotics-funding-analysis,$150M Series D+ Nov 2025,https://newmarketpitch.com/blogs/news/robotics-funding-analysis,Dexter surgical robot Switzerland
c158,Doosan Robotics,doosanrobotics.com,1b,1,rbr50,https://www.therobotreport.com/rbr50-2024/,RBR50 Robotics Innovation Awards 2024 winner,https://www.therobotreport.com/rbr50-2024/,Cobot maker
c032,Dustland,dustland.ai,1a,1,gh_fork,https://github.com/dustland,Engineering Embodied Intelligence; imitation learning HRI,https://github.com/dustland,openpi-related work
c188,Dyna Robotics,dyna.co,1c,1,funding_news,https://www.therobotreport.com/dyna-robotics-closes-120m-funding-round-to-scale-robotics-foundation-model/,$120M Series A foundation model robots restaurants laundromats,https://www.therobotreport.com/dyna-robotics-closes-120m-funding-round-to-scale-robotics-foundation-model/,DYNA-1 foundation model deployed commercial
c069,Eastworld Labs,,1a,1,gh_fork,https://github.com/Eastworld-Labs,Free your Unitree G1 from cable connection Isaac-GR00T fork,https://github.com/Eastworld-Labs,Isaac-GR00T fork
c064,Ebots,ebots.com,1a,1,gh_fork,https://github.com/ebots-inc,Foundation models for humanoid robots Isaac GR00T Cosmos,https://github.com/ebots-inc,United States
c206,EcoRobotix,ecorobotix.com,1c,1,industry_news,https://agfundernews.com/from-experimentation-to-impact-farm-robotics-top-fundraises-in-2025,raised $150M AI software for precision spraying,https://agfundernews.com/from-experimentation-to-impact-farm-robotics-top-fundraises-in-2025,Precision spraying ag robotics
c159,Electric Sheep,sheeprobotics.ai,1b,1,rbr50,https://www.therobotreport.com/rbr50-2024/,Electric Sheep was named Startup of the Year,https://www.therobotreport.com/rbr50-2024/,Outdoor maintenance robots
c242,Embodied AI,embodiedai.ch,1c,1,industry_news,https://www.startus-insights.com/innovators-guide/embodied-ai-startups/,multimodal AI systems soft robotic arms Helix Manipulator,https://www.startus-insights.com/innovators-guide/embodied-ai-startups/,Swiss soft manipulator VLA
c062,EmbodyX,embodyx.io,1a,1,gh_fork,https://github.com/embodyx,Physical AI for the Real World VLA models for manipulation,https://github.com/embodyx,United States; openvla fork
c065,Enactic,enactic.ai,1a,1,gh_fork,https://github.com/enactic,Enactic LeRobot fork end-to-end robotics learning,https://github.com/enactic,Japan
c129,Endiatx,endiatx.com,1b,1,rbr50,https://www.therobotreport.com/rbr50-2025/,RBR50 Robotics Innovation Awards 2025 winner,https://www.therobotreport.com/rbr50-2025/,Medical pill robots
c018,Enfuse,enfuse.io,1a,1,hf_model_card,https://huggingface.co/enfuse/edgevla-small-fmb,enfuse edgevla-small-fmb Robotics VLA model,https://huggingface.co/enfuse/edgevla-small-fmb,Edge VLA models for Physical AI
c237,EngineAI,engineai.com,1c,1,industry_news,https://www.scmp.com/tech/tech-trends/article/3307356/chinas-humanoid-robot-sector-enters-mass-production-unitree-agibot-among-pack,JD.com investor humanoid manufacturer mass production,https://www.scmp.com/tech/tech-trends/article/3307356/chinas-humanoid-robot-sector-enters-mass-production-unitree-agibot-among-pack,Chinese humanoid
c231,Engineered Arts,engineeredarts.co.uk,1c,1,humanoid_tracker,https://blog.robozaps.com/b/humanoid-robot-companies,Penryn Cornwall UK Ameca humanoid,https://blog.robozaps.com/b/humanoid-robot-companies,Expressive humanoid
c160,Exotec,exotec.com,1b,1,rbr50,https://www.therobotreport.com/rbr50-2024/,RBR50 Robotics Innovation Awards 2024 winner,https://www.therobotreport.com/rbr50-2024/,Skypod warehouse system
c043,Extend Robotics,extendrobotics.com,1a,1,gh_fork,https://github.com/Extend-Robotics,Robotic platforms and teleoperation with Vision Pro tracking,https://github.com/Extend-Robotics,UK; openvla fork
c161,FANUC,fanuc.com,1b,1,rbr50,https://www.therobotreport.com/rbr50-2024/,RBR50 Robotics Innovation Awards 2024 winner,https://www.therobotreport.com/rbr50-2024/,Industrial robot OEM
c108,Farm-ng,farm-ng.com,1b,1,vc_portfolio,https://a16z.com/portfolio/,electric micro-tractor for farming tasks,https://a16z.com/portfolio/,a16z portfolio - agricultural robots
c130,ForceN,forcen.ca,1b,1,rbr50,https://www.therobotreport.com/rbr50-2025/,RBR50 Robotics Innovation Awards 2025 winner,https://www.therobotreport.com/rbr50-2025/,Force/torque sensing for robots
c033,Forerunner.ai,forerunner.ai,1a,1,gh_fork,https://github.com/forerunnerai,Isaac GR00T fork; AI infrastructure and robotics technologies,https://github.com/forerunnerai,United States
c247,Formic,formic.co,1c,1,industry_news,https://standardbots.com/blog/robotics-industry,raised $59.1M Lux Capital Blackhorn Mitsubishi,https://standardbots.com/blog/robotics-industry,Robotics-as-a-service factory automation
c189,ForSight Robotics,for-sight.ai,1c,1,funding_news,https://news.crunchbase.com/robotics/startup-funding-rises-h1-2025-ai-apptronik-data/,$125M Series B June 2025 led by Eclipse Ventures,https://news.crunchbase.com/robotics/startup-funding-rises-h1-2025-ai-apptronik-data/,Israeli ophthalmic surgical robot platform
c101,Forterra,forterrarobotics.com,1b,1,vc_portfolio,https://a16z.com/american-dynamism-50-2025/,AI-powered military vehicles for autonomous navigation,https://a16z.com/american-dynamism-50-2025/,a16z American Dynamism 50
c249,Foundation,foundation.bot,1c,1,industry_news,https://sfstandard.com/2025/08/13/humanoid-robots-military-foundation-terminator/,SF startup building humanoid robots plans 50000 by 2027,https://sfstandard.com/2025/08/13/humanoid-robots-military-foundation-terminator/,US humanoid industrial defense
c083,Foundry Robotics,foundryrobotics.com,1b,1,vc_portfolio,https://www.khoslaventures.com/portfolio,AI-first assembly-focused robotics company San Francisco,https://www.khoslaventures.com/portfolio,Khosla seed Jan 2026
c182,Fourier Intelligence,fourierintelligence.com,1c,1,funding_news,https://humanoidroboticstechnology.com/articles/humanoid-funding-rounds-in-2025/,~$109M Series E January 7 2025,https://humanoidroboticstechnology.com/articles/humanoid-funding-rounds-in-2025/,Shanghai humanoid rehabilitation robotics
c048,FrodoBots,frodobots.com,1a,1,gh_fork,https://github.com/frodobots-org,Earth rover SDK; teleoperation and AI-powered robotics,https://github.com/frodobots-org,LeRobot fork
c178,Galbot,galbot.com,1c,1,funding_news,https://www.therobotreport.com/galbot-brings-in-300m-to-scale-mobile-manipulator-deployments/,raised over $300M total $800M valuation $3B,https://www.therobotreport.com/galbot-brings-in-300m-to-scale-mobile-manipulator-deployments/,Beijing mobile manipulator G1 warehouses hospitals
c245,Gausium,gausium.com,1c,1,industry_news,https://gausium.com/,autonomous cleaning service robot,https://gausium.com/,China cleaning robotics
c109,Gecko Robotics,geckorobotics.com,1b,1,vc_portfolio,https://a16z.com/portfolio/,Builds inspection robots with ultrasonic sensors and cameras,https://a16z.com/portfolio/,a16z portfolio - infrastructure inspection
c131,Geek+,geekplus.com,1b,1,rbr50,https://www.therobotreport.com/rbr50-2025/,RBR50 Robotics Innovation Awards 2025 winner,https://www.therobotreport.com/rbr50-2025/,Warehouse AMRs
c079,General Intelligence Labs,,1a,1,gh_fork,https://github.com/General-Intelligence-Labs,Building the perception-action stack of embodied intelligence,https://github.com/General-Intelligence-Labs,United States
c046,General Robotics,generalrobotics.company,1a,1,gh_fork,https://github.com/GenRobo,Isaac GR00T N1.6 fork humanoid foundation model,https://github.com/GenRobo,United States
c040,Generative Bionics,gbionics.ai,1a,1,gh_fork,https://github.com/gbionics,Robotics dynamics control and robot learning amplifying humans,https://github.com/gbionics,Italy; LeRobot fork
c027,Genesis AI,genesis-ai.company,1a,1,gh_fork,https://github.com/Genesis-Embodied-AI,Generative world for general-purpose robotics and embodied AI learning,https://github.com/Genesis-Embodied-AI,Genesis simulator; LeRobot fork
c016,GigaAI,gigaai.cc,1a,1,hf_org,https://huggingface.co/open-gigaai,GigaBrain Vision Language Action models for robotics,https://huggingface.co/open-gigaai,HF org; CVPR 2026 RoboTwin track host
c162,Glidance,glidance.io,1b,1,rbr50,https://www.therobotreport.com/rbr50-2024/,developed a robot that offers autonomous mobility assistance for the visually impaired,https://www.therobotreport.com/rbr50-2024/,Assistive guide robot
c132,GrayMatter Robotics,graymatter-robotics.com,1b,1,rbr50,https://www.therobotreport.com/rbr50-2025/,RBR50 Robotics Innovation Awards 2025 winner,https://www.therobotreport.com/rbr50-2025/,AI-powered surface finishing
c086,Hadrian,hadrian.co,1b,1,vc_portfolio,https://www.luxcapital.com/companies,makes autonomous factories for space and defense manufacturing,https://www.luxcapital.com/companies,Lux portfolio - autonomous manufacturing
c055,HCLTech Robotics,hcltech.com,1a,1,gh_fork,https://github.com/hcltech-robotics,HCLTech Robotics LeRobot fork,https://github.com/hcltech-robotics,India; enterprise services arm
c015,Hebbian Robotics,hebbianrobotics.com,1a,1,hf_model_card,https://huggingface.co/Hebbian-Robotics/pi05_subtask,pi05_subtask Hebbian Robotics fine-tune,https://huggingface.co/Hebbian-Robotics/pi05_subtask,Real-time inference engine for openpi
c133,Hello Robot,hello-robot.com,1b,1,rbr50,https://www.therobotreport.com/rbr50-2025/,Hello Robot's Stretch 3 mobile manipulator,https://www.therobotreport.com/rbr50-2025/,In-home assistive mobile manipulator
c225,Humanoid,thehumanoid.com,1c,1,industry_news,https://www.therobotreport.com/galbot-brings-in-300m-to-scale-mobile-manipulator-deployments/,HMND 01 Alpha for industrial facilities,https://www.therobotreport.com/galbot-brings-in-300m-to-scale-mobile-manipulator-deployments/,UK humanoid for industry
c134,Humotech,humotech.com,1b,1,rbr50,https://www.therobotreport.com/rbr50-2025/,RBR50 Robotics Innovation Awards 2025 winner,https://www.therobotreport.com/rbr50-2025/,Wearable robotics testing
c050,Industrialnext,industrialnext.com,1a,1,gh_fork,https://github.com/industrialnext,LeRobot MuJoCo and robotics frameworks for industrial automation,https://github.com/industrialnext,United States; 40 robotics repos
c212,Infravision,infravision.com,1c,1,funding_news,https://newmarketpitch.com/blogs/news/robotics-funding-analysis,$91M Series B Nov 2025,https://newmarketpitch.com/blogs/news/robotics-funding-analysis,Drone power line stringing autonomy
c163,Instock,instock.com,1b,1,rbr50,https://www.therobotreport.com/rbr50-2024/,RBR50 Robotics Innovation Awards 2024 winner,https://www.therobotreport.com/rbr50-2024/,Goods-to-person warehouse robotics
c059,IntBot,intbot.ai,1a,1,gh_fork,https://github.com/intbotinc,Voice AI agents and physical AI inference for robotics,https://github.com/intbotinc,United States; LeRobot fork
c041,Intempus,intempus.org,1a,1,gh_fork,https://github.com/Intempus-Inc,pathOS emotional intelligence for machines; building emotional robots,https://github.com/Intempus-Inc,United States; LeRobot fork
c074,io-ai.tech,io-ai.tech,1a,1,gh_fork,https://github.com/ioai-tech,IO-AI.tech LeRobot fork,https://github.com/ioai-tech,LeRobot fork
c135,Isochronic,isochronic.org,1b,1,rbr50,https://www.therobotreport.com/rbr50-2025/,RBR50 Robotics Innovation Awards 2025 winner,https://www.therobotreport.com/rbr50-2025/,Robotic motion/timing tech
c024,K-Scale Labs,kscale.dev,1a,1,gh_fork,https://github.com/kscalelabs,EdgeVLA an open-source edge vision-language-action model for robotics,https://github.com/kscalelabs,United States; humanoid/RL focus
c179,Kargo,kargo.tech,1c,1,funding_news,https://roboticsandautomationnews.com/2025/12/26/kargo-raises-42-million-series-b-to-scale-global-warehouse-deployment-with-enterprise-clients/97864/,$42M Series B Dec 2025 global warehouse deployment,https://roboticsandautomationnews.com/2025/12/26/kargo-raises-42-million-series-b-to-scale-global-warehouse-deployment-with-enterprise-clients/97864/,AI-powered warehouse logistics platform
c233,Kepler Robotics,kepler.com,1c,1,humanoid_tracker,https://blog.robozaps.com/b/humanoid-robot-companies,Shanghai China Forerunner K2 humanoid,https://blog.robozaps.com/b/humanoid-robot-companies,Kepler humanoid
c045,KinesthetIQ,kinesthetiq.com,1a,1,gh_fork,https://github.com/NavIQLabs,Foundation models for robotics; openpi ViNT Isaac GR00T forks,https://github.com/NavIQLabs,India; multiple foundation-model forks
c223,Kinisi Robotics,kinisi.ai,1c,1,industry_news,https://www.therobotreport.com/galbot-brings-in-300m-to-scale-mobile-manipulator-deployments/,KR1 dual-armed robot mobile base warehouse,https://www.therobotreport.com/galbot-brings-in-300m-to-scale-mobile-manipulator-deployments/,Mobile manipulator
c164,Kodama Systems,kodamasystems.com,1b,1,rbr50,https://www.therobotreport.com/rbr50-2024/,RBR50 Robotics Innovation Awards 2024 winner,https://www.therobotreport.com/rbr50-2024/,Forestry/wildfire robotics
c165,Kodiak Robotics,kodiak.ai,1b,1,rbr50,https://www.therobotreport.com/rbr50-2024/,RBR50 Robotics Innovation Awards 2024 winner,https://www.therobotreport.com/rbr50-2024/,Autonomous trucking
c136,KUKA,kuka.com,1b,1,rbr50,https://www.therobotreport.com/rbr50-2025/,RBR50 Robotics Innovation Awards 2025 winner,https://www.therobotreport.com/rbr50-2025/,Industrial robot OEM
c238,Leju Robotics,lejurobot.com,1c,1,industry_news,https://www.scmp.com/tech/tech-trends/article/3307356/chinas-humanoid-robot-sector-enters-mass-production-unitree-agibot-among-pack,top humanoid maker by 2025 shipments,https://www.scmp.com/tech/tech-trends/article/3307356/chinas-humanoid-robot-sector-enters-mass-production-unitree-agibot-among-pack,Kuavo humanoid Shenzhen
c137,Levita Magnetics,levita.com,1b,1,rbr50,https://www.therobotreport.com/rbr50-2025/,RBR50 Robotics Innovation Awards 2025 winner,https://www.therobotreport.com/rbr50-2025/,Magnetic surgical robotics
c138,Libiao Robotics,libiaorobotics.com,1b,1,rbr50,https://www.therobotreport.com/rbr50-2025/,RBR50 Robotics Innovation Awards 2025 winner,https://www.therobotreport.com/rbr50-2025/,Sortation AMRs
c140,Locus Robotics,locusrobotics.com,1b,1,rbr50,https://www.therobotreport.com/rbr50-2025/,autonomous mobile robots that work alongside warehouse workers,https://www.therobotreport.com/rbr50-2025/,Warehouse AMRs
c210,Lucid Bots,lucidbots.com,1c,1,funding_news,https://newmarketpitch.com/blogs/news/robotics-funding-analysis,$20M Series B Mar 2026,https://newmarketpitch.com/blogs/news/robotics-funding-analysis,Cleaning drones for buildings
c028,Lucky Robots,luckyrobots.com,1a,1,gh_fork,https://github.com/luckyrobots,Data Generation For Robotics AI; LuckyEngine simulation,https://github.com/luckyrobots,United States; LeRobot fork
c110,Lumafield,lumafield.com,1b,1,vc_portfolio,https://a16z.com/portfolio/,industrial CT scanners with AI-powered analysis software,https://a16z.com/portfolio/,a16z portfolio - inspection AI
c186,Lumos Robotics,lumosrobotics.ai,1c,1,funding_news,https://humanoidroboticstechnology.com/articles/humanoid-funding-rounds-in-2025/,reportedly raised nearly $28M angel funding humanoid platform,https://humanoidroboticstechnology.com/articles/humanoid-funding-rounds-in-2025/,Shenzhen full-stack humanoid embodied AI brain
c141,MAB Robotics,mabrobotics.pl,1b,1,rbr50,https://www.therobotreport.com/rbr50-2025/,RBR50 Robotics Innovation Awards 2025 winner,https://www.therobotreport.com/rbr50-2025/,Quadruped/legged robots
c234,MagicLab,magiclab.top,1c,1,humanoid_tracker,https://blog.robozaps.com/b/humanoid-robot-companies,China humanoid MagicBot,https://blog.robozaps.com/b/humanoid-robot-companies,Humanoid robotics China
c087,Matterport,matterport.com,1b,1,vc_portfolio,https://www.luxcapital.com/companies,world's most powerful all-in-one 3D data platform,https://www.luxcapital.com/companies,Lux portfolio - spatial data for robotics
c166,Mecademic,mecademic.com,1b,1,rbr50,https://www.therobotreport.com/rbr50-2024/,RBR50 Robotics Innovation Awards 2024 winner,https://www.therobotreport.com/rbr50-2024/,Compact 6-axis arms
c049,Menlo Research,menlo.ai,1a,1,gh_fork,https://github.com/menloresearch,Asimov open source humanoid robot platform; thinking machines,https://github.com/menloresearch,Singapore; Isaac-GR00T fork
c236,Mentee Robotics,menteebot.com,1c,1,humanoid_tracker,https://www.mobileye.com/news/mobileye-to-acquire-mentee-robotics-to-accelerate-physical-ai-leadership/,acquired by Mobileye for $900M physical AI,https://www.mobileye.com/news/mobileye-to-acquire-mentee-robotics-to-accelerate-physical-ai-leadership/,Israeli humanoid (acquired 2026)
c054,ML6,ml6.eu,1a,1,gh_fork,https://github.com/ml6team,LeRobot Worldwide hackathon 2025,https://github.com/ml6team,Belgium; AI consultancy
c198,MMI,mmimicro.com,1c,1,industry_news,https://news.crunchbase.com/robotics/startup-funding-rises-h1-2025-ai-apptronik-data/,$110M Series C Feb 2025 robotic-assisted microsurgery,https://news.crunchbase.com/robotics/startup-funding-rises-h1-2025-ai-apptronik-data/,Symani microsurgical robot
c194,Momentis Surgical,momentis-surgical.com,1c,1,industry_news,https://www.therobotreport.com/10-surgical-robotics-companies-follow-2025/,Anovo Surgical System listed in 10 surgical robotics watch,https://www.therobotreport.com/10-surgical-robotics-companies-follow-2025/,Female pelvic surgery robotics
c118,Moon Surgical,moonsurgical.com,1b,1,vc_portfolio,https://www.feedtheai.com/nventures-portfolio-ai-startups-backed-by-nvidia/,Maestro a robotic surgical assistant for minimally invasive surgery,https://www.feedtheai.com/nventures-portfolio-ai-startups-backed-by-nvidia/,NVentures-backed - surgical robotics
c167,Mujin,mujin.co.jp,1b,1,rbr50,https://www.therobotreport.com/rbr50-2024/,RBR50 Robotics Innovation Awards 2024 winner,https://www.therobotreport.com/rbr50-2024/,Robot intelligence platform
c168,Mushiny,mushiny.com,1b,1,rbr50,https://www.therobotreport.com/rbr50-2024/,RBR50 Robotics Innovation Awards 2024 winner,https://www.therobotreport.com/rbr50-2024/,Warehouse AMR/sortation
c203,Naio Technologies,naio-technologies.com,1c,1,funding_news,https://www.cbinsights.com/company/naio-technologies/financials,$7.36M Series B-II November 6 2025,https://www.cbinsights.com/company/naio-technologies/financials,European autonomous field robotics vegetables orchards
c208,Nature Robots,naturerobots.com,1c,1,funding_news,https://roboticsandautomationnews.com/2026/03/30/nature-robots-secures-e4-million-seed-funding-to-scale-software-for-autonomous-farming/100221/,€4M seed funding modular autonomy software for ag machinery,https://roboticsandautomationnews.com/2026/03/30/nature-robots-secures-e4-million-seed-funding-to-scale-software-for-autonomous-farming/100221/,Autonomous farming software
c119,Neocis,neocis.com,1b,1,vc_portfolio,https://www.feedtheai.com/nventures-portfolio-ai-startups-backed-by-nvidia/,Yomi a robotic system for dental implant surgery,https://www.feedtheai.com/nventures-portfolio-ai-startups-backed-by-nvidia/,NVentures-backed - dental robotics
c181,NEURA Robotics,neura-robotics.com,1c,1,funding_news,https://humanoidroboticstechnology.com/articles/humanoid-funding-rounds-in-2025/,€120M Series B January 15 2025,https://humanoidroboticstechnology.com/articles/humanoid-funding-rounds-in-2025/,4NE-1 humanoid €98000 industrial Germany
c240,Neural Foundry,neuralfoundry.co.uk,1c,1,industry_news,https://www.startus-insights.com/innovators-guide/embodied-ai-startups/,adaptive AI autonomous robots industrial environments UK,https://www.startus-insights.com/innovators-guide/embodied-ai-startups/,Industrial autonomous robots LLM
c076,NeuroGrip,,1a,1,gh_fork,https://github.com/NeuroGrip,openvla and TinyVLA forks for robotic manipulation,https://github.com/NeuroGrip,VLA forks
c169,Neya Systems,neyasystems.com,1b,1,rbr50,https://www.therobotreport.com/rbr50-2024/,RBR50 Robotics Innovation Awards 2024 winner,https://www.therobotreport.com/rbr50-2024/,Off-road autonomy software
c217,Nimble Robotics,nimble.ai,1c,1,funding_news,https://nimble.ai/news/nimble-closes-106-million-series-c-funding-round-at-1b-valuation-scales-fully-autonomous-fulfillment-with-fedex,$106M Series C $1B valuation autonomous fulfillment FedEx,https://nimble.ai/news/nimble-closes-106-million-series-c-funding-round-at-1b-valuation-scales-fully-autonomous-fulfillment-with-fedex,Fully autonomous 3PL fulfillment robots
c004,Niryo Robotics,niryo.com,1a,1,gh_fork,https://github.com/NiryoRobotics,LeRobot Making AI for Robotics more accessible with end-to-end learning,https://github.com/NiryoRobotics,France; 6-axis cobots for industrial and education
c193,Noah Medical,noahmed.com,1c,1,industry_news,https://www.therobotreport.com/10-surgical-robotics-companies-follow-2025/,Galaxy System bronchoscopy robotic platform,https://www.therobotreport.com/10-surgical-robotics-companies-follow-2025/,Robotic bronchoscopy
c197,Oath Surgical,oathsurgical.com,1c,1,funding_news,https://newmarketpitch.com/blogs/news/robotics-funding-analysis,$24M Series A Oct 2025,https://newmarketpitch.com/blogs/news/robotics-funding-analysis,Surgical robotics
c170,Olive Robotics,oliverobotics.com,1b,1,rbr50,https://www.therobotreport.com/rbr50-2024/,RBR50 Robotics Innovation Awards 2024 winner,https://www.therobotreport.com/rbr50-2024/,Modular robotics infrastructure
c143,Opteran,opteran.com,1b,1,rbr50,https://www.therobotreport.com/rbr50-2025/,RBR50 Robotics Innovation Awards 2025 winner,https://www.therobotreport.com/rbr50-2025/,Insect-inspired autonomy software
c010,Orbbec,orbbec.com,1a,1,gh_fork,https://github.com/orbbec,Orbbec depth-sensing camera SDKs with ROS robotics integration,https://github.com/orbbec,United States; LeRobot fork
c200,Orchard Robotics,orchard-robotics.com,1c,1,funding_news,https://newmarketpitch.com/blogs/news/robotics-funding-analysis,$22M Series A Sep 2025,https://newmarketpitch.com/blogs/news/robotics-funding-analysis,Orchard data and autonomy
c111,Osaro,osaro.com,1b,1,vc_portfolio,https://a16z.com/portfolio/,piece-picking robots for warehouse automation using AI vision,https://a16z.com/portfolio/,a16z portfolio - warehouse manipulation
c092,Outrider,outrider.ai,1b,1,vc_portfolio,https://8vc.com/companies,Pioneer in autonomous yard operations for logistics hubs,https://8vc.com/companies,8VC portfolio - autonomous yard trucks
c095,Overland AI,overland.ai,1b,1,vc_portfolio,https://8vc.com/companies,saves lives and amplifies power minimizing risk to human life,https://8vc.com/companies,8VC portfolio - off-road autonomy
c230,PAL Robotics,pal-robotics.com,1c,1,humanoid_tracker,https://blog.robozaps.com/b/humanoid-robot-companies,Barcelona Spain humanoid TIAGo TALOS Kangaroo,https://blog.robozaps.com/b/humanoid-robot-companies,Service and humanoid robots
c219,Path Robotics,path-robotics.com,1c,1,industry_news,https://news.crunchbase.com/robotics/physical-ai-custom-robot-builder-seed-funding-anvil/,over $300M raised welding industrial automation,https://news.crunchbase.com/robotics/physical-ai-custom-robot-builder-seed-funding-anvil/,Autonomous welding robots
c184,Persona AI,persona.ai,1c,1,funding_news,https://www.therobotreport.com/persona-ai-raises-27m-develops-purpose-built-humanoid-robots-shipyards/,$27M oversubscribed pre-seed May 2025 humanoid for shipyards,https://www.therobotreport.com/persona-ai-raises-27m-develops-purpose-built-humanoid-robots-shipyards/,Houston purpose-built shipbuilding humanoid HD Hyundai
c196,Petal Surgical,petalsurgical.com,1c,1,funding_news,https://newmarketpitch.com/blogs/news/robotics-funding-analysis,$10M Series A Oct 2025,https://newmarketpitch.com/blogs/news/robotics-funding-analysis,Surgical robotics
c012,phospho,phospho.ai,1a,1,gh_fork,https://github.com/phospho-app,The AI robotics company,https://github.com/phospho-app,France; openvla & openpi forks; phosphobot for SO-100/SO-101
c003,Pollen Robotics,pollen-robotics.com,1a,1,gh_fork,https://github.com/pollen-robotics/lerobot,LeRobot End-to-end Learning for Real-World Robotics,https://github.com/pollen-robotics/lerobot,France; Reachy 2 / Mini SDKs
c039,Positronic Robotics,positronic.ro,1a,1,gh_fork,https://github.com/Positronic-Robotics,Python-native stack for real-life ML robotics,https://github.com/Positronic-Robotics,Isaac-GR00T fork
c180,Pudu Robotics,pudurobotics.com,1c,1,funding_news,https://www.therobotreport.com/pudu-robotics-raises-nearly-150m-targets-industrial-applications/,raised nearly $150M targeting industrial applications,https://www.therobotreport.com/pudu-robotics-raises-nearly-150m-targets-industrial-applications/,Service and industrial robotics China
c071,Qrafty AI,qrafty-ai.com,1a,1,gh_fork,https://github.com/qrafty-ai,Qrafty AI LeRobot fork,https://github.com/qrafty-ai,United States
c112,Rapid Robotics,rapidrobotics.com,1b,1,vc_portfolio,https://a16z.com/portfolio/,affordable pre-trained robotic arms for manufacturing tasks,https://a16z.com/portfolio/,a16z portfolio - manufacturing
c222,RealSense,intelrealsense.com,1c,1,funding_news,https://www.therobotreport.com/top-10-robotics-developments-of-july-2025/,$50M Intel Capital MediaTek Innovation Fund spun out from Intel,https://www.therobotreport.com/top-10-robotics-developments-of-july-2025/,3D depth cameras for robotics
c121,Reframe Systems,reframesystems.com,1b,1,vc_portfolio,https://eclipse.capital/portfolio/,net-zero carbon multifamily residential housing in robotic microfactories,https://eclipse.capital/portfolio/,Eclipse Ventures portfolio
c171,Renovate Robotics,renovaterobotics.com,1b,1,rbr50,https://www.therobotreport.com/rbr50-2024/,RBR50 Robotics Innovation Awards 2024 winner,https://www.therobotreport.com/rbr50-2024/,Roofing/construction robots
c030,Rerun,rerun.io,1a,1,gh_fork,https://github.com/rerun-io,SDK for visualizing multimodal data for robotics,https://github.com/rerun-io,Sweden; LeRobot fork
c241,ReSim,resim.ai,1c,1,industry_news,https://www.startus-insights.com/innovators-guide/embodied-ai-startups/,scalable virtual testing infrastructure robotics AI development,https://www.startus-insights.com/innovators-guide/embodied-ai-startups/,Robotics simulation platform
c014,RLWRLD,rlwrld.ai,1a,1,gh_fork,https://github.com/RLWRLD,LeRobot Isaac-GR00T and openpi forks,https://github.com/RLWRLD,Korea; multiple VLA-related forks
c214,RobCo,robco.de,1c,1,funding_news,https://newmarketpitch.com/blogs/news/robotics-funding-analysis,$100M Series C Jan 2026,https://newmarketpitch.com/blogs/news/robotics-funding-analysis,Modular industrial robotics Germany
c224,RoboForce,roboforce.ai,1c,1,industry_news,https://www.therobotreport.com/galbot-brings-in-300m-to-scale-mobile-manipulator-deployments/,Titan mobile manipulator outdoor environments,https://www.therobotreport.com/galbot-brings-in-300m-to-scale-mobile-manipulator-deployments/,Outdoor industrial mobile manipulator
c002,Robotec.ai,robotec.ai,1a,1,gh_fork,https://github.com/RobotecAI/openvla,OpenVLA an open-source vision-language-action model for robotic manipulation,https://github.com/RobotecAI/openvla,Poland; RAI agentic framework for Physical AI
c185,RobotEra,robotera.com,1c,1,funding_news,https://interestingengineering.com/ai-robotics/chinese-startup-robotera-raises-big,$140M as it ramps up production of humanoids,https://interestingengineering.com/ai-robotics/chinese-startup-robotera-raises-big,Beijing embodied-AI mass production
c007,ROBOTIS,robotis.com,1a,1,gh_fork,https://github.com/ROBOTIS-GIT,ROBOTIS Official GitHub - Dynamixel TurtleBot3 OpenManipulator Cyclo,https://github.com/ROBOTIS-GIT,Korea; Cyclo Physical AI framework
c145,Roboto AI,roboto.ai,1b,1,rbr50,https://www.therobotreport.com/rbr50-2025/,RBR50 Robotics Innovation Awards 2025 winner,https://www.therobotreport.com/rbr50-2025/,Robotics data ops platform
c146,Robust.AI,robust.ai,1b,1,rbr50,https://www.therobotreport.com/rbr50-2025/,RBR50 Robotics Innovation Awards 2025 winner,https://www.therobotreport.com/rbr50-2025/,Carter collaborative warehouse robot
c205,RootWave,rootwave.com,1c,1,industry_news,https://agfundernews.com/from-experimentation-to-impact-farm-robotics-top-fundraises-in-2025,raised $15M autonomous weeding platform European US expansion,https://agfundernews.com/from-experimentation-to-impact-farm-robotics-top-fundraises-in-2025,Electrical weeding autonomy
c201,SAIA Agrobotics,saia-agrobotics.com,1c,1,funding_news,https://newmarketpitch.com/blogs/news/robotics-funding-analysis,$11.5M Series A Nov 2025 agricultural robotics,https://newmarketpitch.com/blogs/news/robotics-funding-analysis,Strawberry harvesting robotics
c147,Saildrone,saildrone.com,1b,1,rbr50,https://www.therobotreport.com/rbr50-2025/,RBR50 Robotics Innovation Awards 2025 winner,https://www.therobotreport.com/rbr50-2025/,Autonomous ocean USVs
c037,SatiNav Robotics,satinavrobotics.com,1a,1,gh_fork,https://github.com/satinavrobotics,Modular Robotics and Autonomous Navigation Company,https://github.com/satinavrobotics,Hungary; openpi (satipi) fork
c103,Senra Systems,senrasystems.com,1b,1,vc_portfolio,https://a16z.com/american-dynamism-50-2025/,Transforms wire harness production with AI-driven automation,https://a16z.com/american-dynamism-50-2025/,a16z American Dynamism 50
c216,Serve Robotics,serverobotics.com,1c,1,funding_news,https://techcrunch.com/2025/01/07/serve-robotics-raises-additional-80m-as-it-scales-sidewalk-delivery-robots/,additional $80M Jan 2025 sidewalk delivery scale to 2000 robots,https://techcrunch.com/2025/01/07/serve-robotics-raises-additional-80m-as-it-scales-sidewalk-delivery-robots/,Sidewalk delivery robots Uber spin-out
c070,Servo Develop / Fashion Star,fashionrobo.com,1a,1,gh_fork,https://github.com/servodevelop,Fashion Star LeRobot fork,https://github.com/servodevelop,China; servos vendor
c148,Shadow Robot,shadowrobot.com,1b,1,rbr50,https://www.therobotreport.com/rbr50-2025/,RBR50 Robotics Innovation Awards 2025 winner,https://www.therobotreport.com/rbr50-2025/,Dexterous robotic hands
c173,Simbe Robotics,simberobotics.com,1b,1,rbr50,https://www.therobotreport.com/rbr50-2024/,RBR50 Robotics Innovation Awards 2024 winner,https://www.therobotreport.com/rbr50-2024/,Retail inventory robot Tally
c149,SKA Robotics,skarobotics.com,1b,1,rbr50,https://www.therobotreport.com/rbr50-2025/,RBR50 Robotics Innovation Awards 2025 winner,https://www.therobotreport.com/rbr50-2025/,Industrial systems integrator
c215,Skydio,skydio.com,1c,1,industry_news,https://mikekalil.com/blog/2025-us-defense-tech-startups/,contracts with every branch of DoD autonomous drones,https://mikekalil.com/blog/2025-us-defense-tech-startups/,Drone autonomy computer vision AI
c174,Slip Robotics,sliprobotics.com,1b,1,rbr50,https://www.therobotreport.com/rbr50-2024/,RBR50 Robotics Innovation Awards 2024 winner,https://www.therobotreport.com/rbr50-2024/,Self-loading trailer robotics
c047,Solo Tech,getsolo.tech,1a,1,gh_fork,https://github.com/GetSoloTech,Extended robotics framework on top of LeRobot for Solo training,https://github.com/GetSoloTech,United States; LeRobot fork
c213,Sovato,sovato.com,1c,1,funding_news,https://newmarketpitch.com/blogs/news/robotics-funding-analysis,$41M Series B Nov 2025,https://newmarketpitch.com/blogs/news/robotics-funding-analysis,Telesurgery platform
c038,Spes Robotics,spes.ai,1a,1,gh_fork,https://github.com/SpesRobotics,R&D firm for autonomous mobile robots and cobots,https://github.com/SpesRobotics,LeRobot fork
c239,Spirit AI,spiritai.com,1c,1,industry_news,https://www.scmp.com/tech/tech-trends/article/3307356/chinas-humanoid-robot-sector-enters-mass-production-unitree-agibot-among-pack,JD.com participated as investor 2025 humanoid deal,https://www.scmp.com/tech/tech-trends/article/3307356/chinas-humanoid-robot-sector-enters-mass-production-unitree-agibot-among-pack,Chinese humanoid
c218,Standard Bots,standardbots.com,1c,1,industry_news,https://standardbots.com/blog/standard-bots-raises-63m-to-accelerate-ai-in-robotics,$63M Series B General Catalyst Amazon Innovation Fund,https://standardbots.com/blog/standard-bots-raises-63m-to-accelerate-ai-in-robotics,AI-driven robotic arms US manufacturing
c089,Swarm Aero,swarm.aero,1b,1,vc_portfolio,https://www.constructcap.com/portfolio,Transforms the operation of UAVs,https://www.constructcap.com/portfolio,Construct Capital portfolio - UAV swarms
c207,SwarmFarm Robotics,swarmfarm.com,1c,1,industry_news,https://agfundernews.com/from-experimentation-to-impact-farm-robotics-top-fundraises-in-2025,raised $30M autonomous farming Australia,https://agfundernews.com/from-experimentation-to-impact-farm-robotics-top-fundraises-in-2025,Australian autonomous broadacre farming
c150,Symbotic,symbotic.com,1b,1,rbr50,https://www.therobotreport.com/rbr50-2025/,Symbotic Named 2024 RBR50 Robotics Innovation Award Winner,https://www.therobotreport.com/rbr50-2025/,Warehouse automation
c066,TeamGRIT,teamgrit.kr,1a,1,gh_fork,https://github.com/teamgrit-lab,Quadruped robot challenges and teleop devices LeRobot fork,https://github.com/teamgrit-lab,Seoul Korea
c068,TechShare,techshare.co.jp,1a,1,gh_fork,https://github.com/TechShare-inc,TechShare LeRobot fork,https://github.com/TechShare-inc,Japan
c078,TeleAI / TeleHuman,,1a,1,gh_fork,https://github.com/TeleHuman,TeleAI Humanoid Robot Research Team LeRobot fork,https://github.com/TeleHuman,China; TeleAI is China Telecom AI division
c022,Tencent,tencent.com,1a,1,hf_model_card,https://huggingface.co/tencent/HY-Embodied-0.5-X,HY-Embodied-0.5-X embodied robotics model,https://huggingface.co/tencent/HY-Embodied-0.5-X,Tencent corporate HF org
c151,Tennibot,tennibot.com,1b,1,rbr50,https://www.therobotreport.com/rbr50-2025/,RBR50 Robotics Innovation Awards 2025 winner,https://www.therobotreport.com/rbr50-2025/,Autonomous tennis ball collection
c152,Teradyne Robotics,teradyne.com,1b,1,rbr50,https://www.therobotreport.com/rbr50-2025/,RBR50 Robotics Innovation Awards 2025 winner,https://www.therobotreport.com/rbr50-2025/,Parent of UR/MiR
c056,TII,tii.ae,1a,1,gh_fork,https://github.com/tiiuae/openvla-internal,OpenVLA an open-source vision-language-action model,https://github.com/tiiuae/openvla-internal,Abu Dhabi UAE; openvla fork
c013,Tommoro Robotics,tommoro.ai,1a,1,gh_fork,https://github.com/Tommoro-AI,NVIDIA Isaac GR00T N1.5 fork - humanoid foundation model,https://github.com/Tommoro-AI,Korea; SNU spinout; HABILIS RFM
c044,Transistor Robotics,,1a,1,gh_fork,https://github.com/transistor-robotics,Leaders in artificial intelligence solutions for humanoid robotics,https://github.com/transistor-robotics,Japan; openpi fork for Pi VLA training
c006,Trossen Robotics,trossenrobotics.com,1a,1,gh_fork,https://github.com/TrossenRobotics,Educational research and professional level robotic development platforms,https://github.com/TrossenRobotics,United States; also Interbotix brand
c177,Tutor Intelligence,tutorintelligence.com,1c,1,funding_news,https://newmarketpitch.com/blogs/news/robotics-funding-analysis,$34M Series A Dec 2025 AI-powered warehouse robot fleet,https://newmarketpitch.com/blogs/news/robotics-funding-analysis,Warehouse robot worker fleet central intelligence
c073,Tuul AI,tuul.ai,1a,1,gh_fork,https://github.com/tuul-ai,tuul.ai LeRobot fork,https://github.com/tuul-ai,Germany
c227,UBTECH Robotics,ubtrobot.com,1c,1,humanoid_tracker,https://blog.robozaps.com/b/humanoid-robot-companies,Shenzhen China humanoid robotics among top firms,https://blog.robozaps.com/b/humanoid-robot-companies,Walker S humanoid public co
c008,UFACTORY,ufactory.cc,1a,1,gh_fork,https://github.com/xArm-Developer,Robotic Arm Manufacturer Collaborative Robots,https://github.com/xArm-Developer,China; xArm; LeRobot integration
c042,ugo,ugo.plus,1a,1,gh_fork,https://github.com/ugo-plus,ugo Pro integration for LeRobot; imitation learning,https://github.com/ugo-plus,Tokyo; LeRobot fork
c175,ULC Technologies,ulcrobotics.com,1b,1,rbr50,https://www.therobotreport.com/rbr50-2024/,RBR50 Robotics Innovation Awards 2024 winner,https://www.therobotreport.com/rbr50-2024/,Utility/infrastructure robots
c226,Unitree Robotics,unitree.com,1c,1,humanoid_tracker,https://www.cnbc.com/2025/09/09/chinas-unitree-plans-7-billion-ipo-valuation-as-humanoid-robot-race-heats-up.html,IPO valuation up to $7B humanoid mass production,https://www.cnbc.com/2025/09/09/chinas-unitree-plans-7-billion-ipo-valuation-as-humanoid-robot-race-heats-up.html,G1 quadrupeds humanoid Hangzhou
c176,Universal Robots,universal-robots.com,1b,1,rbr50,https://www.therobotreport.com/rbr50-2024/,RBR50 Robotics Innovation Awards 2024 winner,https://www.therobotreport.com/rbr50-2024/,Cobot OEM
c036,Vassar Robotics,vassarrobotics.com,1a,1,gh_fork,https://github.com/vassar-robotics,Open-source semi-humanoid developer kit for home autonomy,https://github.com/vassar-robotics,United States; YC-backed; LeRobot fork
c082,Vayu Robotics,vayurobotics.com,1b,1,vc_portfolio,https://www.khoslaventures.com/portfolio/,Building delivery bots,https://www.khoslaventures.com/portfolio/,Khosla portfolio - delivery robots
c202,Verdant Robotics,verdantrobotics.com,1c,1,industry_news,https://agfundernews.com/verdant-robotics-expands-into-grass-seed-and-sod-where-the-weeds-and-the-crop-can-look-nearly-identical,SharpShooter precision application expanding grass seed sod,https://agfundernews.com/verdant-robotics-expands-into-grass-seed-and-sod-where-the-weeds-and-the-crop-can-look-nearly-identical,Multi-action ag robotics
c090,Verve Motion,vervemotion.com,1b,1,vc_portfolio,https://www.constructcap.com/portfolio,Transforms wearables in logistics and industrial markets,https://www.constructcap.com/portfolio,Construct Capital portfolio - industrial wearables/exo
c195,Vicarious Surgical,vicarioussurgical.com,1c,1,industry_news,https://www.therobotreport.com/10-surgical-robotics-companies-follow-2025/,Vicarious Surgical System ventral hernia repair,https://www.therobotreport.com/10-surgical-robotics-companies-follow-2025/,Surgical robotics public co
c020,Vizuara AI,vizuara.ai,1a,1,hf_model_card,https://huggingface.co/Vizuara/dreamzero-so101-lora,DreamZero LoRA Models robotics-focused fine-tuning,https://huggingface.co/Vizuara/dreamzero-so101-lora,India; SO-101 robot fine-tunes
c019,VRFAI,,1a,1,hf_model_card,https://huggingface.co/vrfai,Edge AI optimization for VLA; GR00T N1.6 INT8 edge models,https://huggingface.co/vrfai,non-profit; verified HF org with VLA models
c120,VulcanForms,vulcanforms.com,1b,1,vc_portfolio,https://eclipse.capital/portfolio/,develops advanced digital manufacturing infrastructure,https://eclipse.capital/portfolio/,Eclipse Ventures portfolio
c080,Waabi,waabi.ai,1b,1,vc_portfolio,https://www.khoslaventures.com/portfolio/,Self-driving trucks,https://www.khoslaventures.com/portfolio/,Khosla portfolio - autonomous trucking
c009,Wandelbots,wandelbots.com,1a,1,gh_fork,https://github.com/wandelbotsgmbh,Wandelbots Everyone can work with robots,https://github.com/wandelbotsgmbh,Germany; NOVA SDK; LeRobot fork
c183,Wandercraft,wandercraft.eu,1c,1,funding_news,https://humanoidroboticstechnology.com/articles/humanoid-funding-rounds-in-2025/,$75M Series D June 11 2025,https://humanoidroboticstechnology.com/articles/humanoid-funding-rounds-in-2025/,Paris exoskeleton and humanoid Calvin
c053,Waveshare,waveshare.com,1a,1,gh_fork,https://github.com/waveshareteam,Share awesome hardware roarm_m3 LeRobot fork,https://github.com/waveshareteam,China; hardware vendor
c153,Waymo,waymo.com,1b,1,rbr50,https://www.therobotreport.com/rbr50-2025/,"surpassed 150,000 paid trips per week across its deployment",https://www.therobotreport.com/rbr50-2025/,Robotaxi; RBR50 Robot of the Year
c021,Webstep,webstep.no,1a,1,hf_model_card,https://huggingface.co/webstep/smolvla_single_orange_duplo_pickup,smolvla single orange DUPLO pickup model,https://huggingface.co/webstep/smolvla_single_orange_duplo_pickup,Norway consultancy; multiple smolvla finetunes
c051,WeGo Robotics,wego-robotics.com,1a,1,gh_fork,https://github.com/WeGo-Robotics,WeGo-Robotics Company LeRobot fork,https://github.com/WeGo-Robotics,Korea
c052,WestonRobot,westonrobot.com,1a,1,gh_fork,https://github.com/westonrobot,WestonRobot LeRobot fork,https://github.com/westonrobot,Singapore
c187,X Square Robot,xsquare.ai,1c,1,funding_news,https://www.therobotreport.com/x-square-robot-secures-140m-in-funding-for-ai-foundation-models/,$140M Series A++ Jan 2026 from ByteDance HongShan,https://www.therobotreport.com/x-square-robot-secures-140m-in-funding-for-ai-foundation-models/,WALL-A VLA system Shenzhen embodied AI foundation models
c017,Xiaomi Robotics,xiaomi.com,1a,1,hf_org,https://huggingface.co/XiaomiRobotics,Empowering the future of robotics through scalable foundation models,https://huggingface.co/XiaomiRobotics,HF org; Xiaomi-Robotics-0 series 5B params
c229,XPeng Robotics,heyaiwa.com,1c,1,humanoid_tracker,https://blog.robozaps.com/b/humanoid-robot-companies,Guangzhou China humanoid program Iron robot,https://blog.robozaps.com/b/humanoid-robot-companies,XPeng Iron humanoid
c031,Yaak.ai,yaak.ai,1a,1,gh_fork,https://github.com/yaak-ai,Develop spatial intelligence effectively foundation models,https://github.com/yaak-ai,Berlin; LeRobot fork
c075,ZenBotix,,1a,1,gh_fork,https://github.com/zenbotix,Dex an instantiation of the LeKiwi LeRobot fork,https://github.com/zenbotix,LeRobot fork
c057,ZeroShot,zeroshotdata.com,1a,1,gh_fork,https://github.com/ZeroShotData,Piper ROS docker Isaac GR00T EgoMimic robot manipulation,https://github.com/ZeroShotData,United States
c113,Zipline,flyzipline.com,1b,1,vc_portfolio,https://a16z.com/portfolio/,autonomous drone delivery service for medical supplies,https://a16z.com/portfolio/,a16z portfolio - delivery drones
